Date,Css Lab (428) Air Temperature Average (degC),Css Lab (428) Air Temperature Average QC Flag,Css Lab (428) Air Temperature Maximum (degC),Css Lab (428) Air Temperature Maximum QC Flag,Css Lab (428) Air Temperature Minimum (degC),Css Lab (428) Air Temperature Minimum QC Flag,Css Lab (428) Air Temperature Observed (degC) Start of Day Values,Css Lab (428) Air Temperature Observed QC Flag Start of Day Values,Css Lab (428) Precipitation Accumulation (mm) Start of Day Values,Css Lab (428) Precipitation Accumulation QC Flag Start of Day Values,Css Lab (428) Precipitation Increment (mm),Css Lab (428) Precipitation Increment QC Flag,Css Lab (428) Precipitation Increment - Snow-adj (mm),Css Lab (428) Precipitation Increment - Snow-adj QC Flag,Css Lab (428) Snow Depth (cm) Start of Day Values,Css Lab (428) Snow Depth QC Flag Start of Day Values,Css Lab (428) Snow Water Equivalent (mm) Start of Day Values,Css Lab (428) Snow Water Equivalent QC Flag Start of Day Values,Css Lab (428) Soil Moisture Percent -2in (pct) Start of Day Values,Css Lab (428) Soil Moisture Percent -2in QC Flag Start of Day Values,Css Lab (428) Soil Moisture Percent -8in (pct) Start of Day Values,Css Lab (428) Soil Moisture Percent -8in QC Flag Start of Day Values,Css Lab (428) Soil Moisture Percent -20in (pct) Start of Day Values,Css Lab (428) Soil Moisture Percent -20in QC Flag Start of Day Values,Css Lab (428) Soil Moisture Percent Average -2in (pct),Css Lab (428) Soil Moisture Percent Average -2in QC Flag,Css Lab (428) Soil Moisture Percent Average -8in (pct),Css Lab (428) Soil Moisture Percent Average -8in QC Flag,Css Lab (428) Soil Moisture Percent Average -20in (pct),Css Lab (428) Soil Moisture Percent Average -20in QC Flag,Css Lab (428) Soil Moisture Percent Maximum -2in (pct),Css Lab (428) Soil Moisture Percent Maximum -2in QC Flag,Css Lab (428) Soil Moisture Percent Maximum -8in (pct),Css Lab (428) Soil Moisture Percent Maximum -8in QC Flag,Css Lab (428) Soil Moisture Percent Maximum -20in (pct),Css Lab (428) Soil Moisture Percent Maximum -20in QC Flag,Css Lab (428) Soil Moisture Percent Minimum -2in (pct),Css Lab (428) Soil Moisture Percent Minimum -2in QC Flag,Css Lab (428) Soil Moisture Percent Minimum -8in (pct),Css Lab (428) Soil Moisture Percent Minimum -8in QC Flag,Css Lab (428) Soil Moisture Percent Minimum -20in (pct),Css Lab (428) Soil Moisture Percent Minimum -20in QC Flag,Css Lab (428) Soil Temperature Average -2in (degC),Css Lab (428) Soil Temperature Average -2in QC Flag,Css Lab (428) Soil Temperature Average -8in (degC),Css Lab (428) Soil Temperature Average -8in QC Flag,Css Lab (428) Soil Temperature Average -20in (degC),Css Lab (428) Soil Temperature Average -20in QC Flag,Css Lab (428) Soil Temperature Maximum -2in (degC),Css Lab (428) Soil Temperature Maximum -2in QC Flag,Css Lab (428) Soil Temperature Maximum -8in (degC),Css Lab (428) Soil Temperature Maximum -8in QC Flag,Css Lab (428) Soil Temperature Maximum -20in (degC),Css Lab (428) Soil Temperature Maximum -20in QC Flag,Css Lab (428) Soil Temperature Minimum -2in (degC),Css Lab (428) Soil Temperature Minimum -2in QC Flag,Css Lab (428) Soil Temperature Minimum -8in (degC),Css Lab (428) Soil Temperature Minimum -8in QC Flag,Css Lab (428) Soil Temperature Minimum -20in (degC),Css Lab (428) Soil Temperature Minimum -20in QC Flag,Css Lab (428) Soil Temperature Observed -2in (degC) Start of Day Values,Css Lab (428) Soil Temperature Observed -2in QC Flag Start of Day Values,Css Lab (428) Soil Temperature Observed -8in (degC) Start of Day Values,Css Lab (428) Soil Temperature Observed -8in QC Flag Start of Day Values,Css Lab (428) Soil Temperature Observed -20in (degC) Start of Day Values,Css Lab (428) Soil Temperature Observed -20in QC Flag Start of Day Values,Css Lab (428) Snow Density (pct) Start of Day Values,Css Lab (428) Snow Density QC Flag Start of Day Values,Css Lab (428) Snow Rain Ratio (unitless),Css Lab (428) Snow Rain Ratio QC Flag
2015-10-01,7.3,V,8.8,V,4.9,V,8.7,V,0,V,38,V,38,V,0,V,0,E,0.0,V,0.0,V,5.6,V,0.2,V,2.7,V,6.5,V,1.6,V,6.9,V,9.0,V,0.0,V,0.0,V,5.6,V,12.9,E,15.0,V,14.9,V,15.5,V,16.1,V,15.1,V,11.3,V,13.9,V,14.7,V,15.5,V,16.1,V,15.1,V,,,0.0,E
2015-10-02,8.6,V,16.2,V,3.7,V,4.9,V,38,V,10,V,10,V,0,E,0,V,0.0,V,6.1,V,8.7,V,0.0,V,6.2,V,10.7,V,0.0,V,6.8,V,11.4,V,0.0,V,5.7,V,8.7,V,12.9,V,13.6,V,14.5,V,15.2,V,13.9,V,14.7,V,11.3,V,13.3,V,14.3,V,12.1,V,13.8,V,14.7,V,,,0.0,V
2015-10-03,7.8,V,15.4,V,2.8,V,4.6,V,48,V,0,E,0,E,0,E,0,V,0.0,V,6.5,V,11.2,V,0.0,V,5.6,V,11.4,V,0.0,V,6.5,V,11.8,V,0.0,V,4.9,V,10.9,V,13.3,V,13.7,V,14.2,V,14.5,V,14.0,V,14.3,V,11.8,V,13.4,V,14.0,V,14.1,V,13.9,V,14.3,V,,,,
2015-10-04,8.8,V,12.7,V,6.1,V,6.4,V,48,E,0,E,0,E,0,E,0,V,0.0,V,5.1,V,11.8,V,0.0,V,5.0,V,11.2,V,0.0,V,5.7,V,11.8,V,0.0,V,4.5,V,10.9,V,13.0,V,13.6,V,13.9,V,13.7,V,13.8,V,14.0,V,12.1,V,13.4,V,13.9,V,13.6,V,13.8,V,14.0,V,,,,
2015-10-05,9.7,V,16.5,V,4.5,V,7.8,V,48,E,0,E,0,E,0,V,0,V,0.0,V,4.9,V,11.0,V,0.0,V,4.4,V,11.1,V,0.0,V,5.0,V,11.5,V,0.0,V,3.7,V,10.8,V,13.3,V,13.4,V,13.8,V,15.4,V,13.8,V,13.9,V,11.7,V,13.1,V,13.7,V,13.1,V,13.6,V,13.9,V,,,,
2015-10-06,9.9,V,18.9,V,3.8,V,5.5,V,48,E,0,E,0,E,0,E,0,V,0.0,V,4.0,V,11.1,V,0.0,V,3.9,V,10.9,V,0.0,V,4.5,V,11.4,V,0.0,V,3.4,V,10.4,V,14.0,V,13.8,V,13.7,V,15.7,V,14.1,V,13.7,V,12.3,V,13.5,V,13.7,V,14.4,V,13.9,V,13.7,V,,,,
2015-10-07,11.6,V,19.1,V,5.2,V,6.3,V,48,E,0,E,0,E,0,E,0,E,0.0,V,3.6,V,11.1,V,0.0,V,3.6,V,10.6,V,0.0,V,4.2,V,11.1,V,0.0,V,2.9,V,10.0,V,14.4,V,14.0,V,13.7,V,15.9,V,14.3,V,13.7,V,12.8,V,13.7,V,13.7,V,14.8,V,14.2,V,13.7,V,,,,
2015-10-08,13.6,V,23.1,V,8.2,V,10.9,V,48,E,0,E,0,E,0,V,0,V,0.0,V,3.0,V,9.9,V,0.0,V,3.2,V,10.2,V,0.0,V,3.8,V,10.7,V,0.0,V,2.3,V,9.5,V,15.2,V,14.4,V,13.7,V,16.8,V,14.8,V,13.7,V,13.8,V,14.2,V,13.7,V,15.3,V,14.4,V,13.7,V,,,,
2015-10-09,13.5,V,23.7,V,7.2,V,10.7,V,48,V,0,V,0,V,0,V,0,V,0.0,V,3.6,V,10.4,V,0.0,V,3.0,V,10.0,V,0.0,V,3.7,V,10.7,V,0.0,V,2.1,V,9.2,V,16.0,V,14.8,V,13.8,V,18.1,V,15.4,V,13.9,V,14.1,V,14.5,V,13.7,V,16.0,V,14.9,V,13.7,V,,,,
2015-10-10,13.1,V,19.7,V,7.4,V,7.9,V,48,V,0,V,0,V,0,V,0,E,0.0,V,3.1,V,9.4,V,0.0,V,2.5,V,9.4,V,0.0,V,3.4,V,10.2,V,0.0,V,1.6,V,8.8,V,16.1,V,15.2,V,14.0,V,17.7,V,15.5,V,14.0,V,14.5,V,14.9,V,13.9,V,16.9,V,15.4,V,13.9,V,,,,
2015-10-11,12.4,V,21.5,V,5.7,V,10.4,V,48,V,0,V,0,V,0,V,0,V,0.0,V,3.2,V,9.5,V,0.0,V,2.2,V,9.3,V,0.0,V,3.3,V,10.0,V,0.0,V,1.3,V,8.7,V,16.3,V,15.3,V,14.1,V,18.3,V,15.7,V,14.1,V,14.4,V,15.0,V,14.0,V,16.7,V,15.5,V,14.0,V,,,,
2015-10-12,13.4,V,22.7,V,7.2,V,8.4,V,48,V,0,V,0,V,0,E,0,V,0.0,V,1.7,V,9.1,V,0.0,V,2.1,E,8.9,V,0.0,V,2.8,V,9.6,V,0.0,V,1.4,V,8.4,V,16.7,V,15.6,V,14.2,V,18.8,V,16.0,V,14.2,V,14.8,V,15.2,V,14.1,V,17.2,V,15.8,V,14.1,V,,,,
2015-10-13,13.9,V,23.8,V,8.0,V,9.2,V,48,V,0,E,0,E,0,V,0,V,0.0,V,2.0,V,8.6,V,0.0,V,2.0,V,8.6,V,0.0,V,2.6,V,9.1,V,0.0,V,1.4,V,8.2,V,17.1,V,15.9,V,14.3,V,19.1,V,16.3,V,14.4,V,15.2,V,15.5,V,14.2,V,17.6,V,16.1,V,14.2,V,,,,
2015-10-14,13.8,V,22.9,V,8.2,V,9.1,V,48,E,0,E,0,E,0,V,0,V,0.0,V,1.7,V,8.9,V,0.0,V,1.8,V,8.6,V,0.0,V,2.2,V,8.9,V,0.0,V,1.4,V,8.2,V,17.1,V,16.1,V,14.4,V,18.5,V,16.4,V,14.5,V,15.4,V,15.7,V,14.3,V,17.9,V,16.3,V,14.3,V,,,,
2015-10-15,12.9,V,20.6,V,8.0,V,9.3,V,48,V,0,V,0,V,0,E,0,E,0.0,V,2.0,V,8.6,V,0.0,V,1.5,V,8.3,V,0.0,V,2.0,V,8.7,V,0.0,V,0.7,V,7.9,V,16.6,V,16.0,V,14.5,V,17.5,V,16.3,V,14.6,V,15.3,V,15.7,V,14.4,V,17.5,V,16.3,V,14.4,V,,,,
2015-10-16,11.8,V,16.8,V,7.8,V,10.9,V,48,V,0,V,0,V,0,V,0,V,0.0,V,1.0,V,7.9,V,0.0,V,1.4,V,8.0,V,0.0,V,2.0,V,8.4,V,0.0,V,0.8,V,7.7,V,15.7,V,15.6,V,14.6,V,16.6,V,16.0,V,14.6,V,15.0,V,15.3,V,14.5,V,16.6,V,16.0,V,14.5,V,,,,
2015-10-17,8.5,V,11.0,V,7.3,V,9.3,V,48,V,28,V,28,V,0,V,0,V,0.0,V,1.6,V,8.2,V,0.0,V,2.5,E,9.0,V,0.0,V,5.0,V,10.7,V,0.0,V,0.8,V,7.5,V,14.2,V,14.8,V,14.6,V,15.7,V,15.4,V,14.6,V,12.9,V,14.3,V,14.5,V,15.7,V,15.4,V,14.6,V,,,0.0,V
2015-10-18,6.6,V,10.7,V,1.0,V,7.5,V,76,V,3,V,3,V,0,V,0,V,0.0,V,4.5,V,10.3,V,0.0,V,4.9,V,10.1,V,0.0,V,5.3,V,10.5,V,0.0,V,4.5,V,9.6,V,13.2,V,13.9,V,14.4,V,14.2,V,14.3,V,14.5,V,12.4,V,13.7,V,14.3,V,13.4,V,14.3,V,14.5,V,,,0.0,E
2015-10-19,4.3,V,11.8,V,-0.3,V,1.0,V,79,V,3,V,3,V,0,E,0,E,0.0,V,4.7,V,10.3,V,0.0,V,4.6,V,9.7,V,0.0,V,5.2,V,10.3,V,0.0,V,3.9,V,9.2,V,12.1,V,13.3,V,14.1,V,13.2,V,13.9,V,14.3,V,10.7,V,12.9,V,14.0,V,13.1,V,13.9,V,14.3,V,,,0.0,E
2015-10-20,6.6,V,11.7,V,1.7,V,2.1,V,81,V,0,V,0,V,0,E,0,V,0.0,V,4.3,V,9.4,V,0.0,V,4.0,V,9.4,V,0.0,V,4.8,V,9.7,V,0.0,V,3.3,V,8.8,V,11.7,V,12.7,V,13.8,V,13.1,V,13.1,V,13.9,V,10.4,V,12.3,V,13.6,V,12.3,V,13.1,V,13.9,V,,,,
2015-10-21,6.9,V,13.4,V,3.1,V,5.1,V,81,V,0,V,0,V,0,E,0,V,0.0,V,3.4,V,9.1,V,0.0,V,3.6,V,9.0,V,0.0,V,4.3,V,9.6,V,0.0,V,2.7,V,8.6,V,11.9,V,12.4,V,13.5,V,13.5,V,12.7,V,13.6,V,10.5,V,12.2,V,13.4,V,12.2,V,12.7,V,13.6,V,,,,
2015-10-22,7.6,V,14.9,V,2.3,V,3.3,V,81,V,0,V,0,V,0,E,0,V,0.0,V,3.8,V,8.9,V,0.0,V,3.0,V,8.7,V,0.0,V,4.2,V,9.4,V,0.0,V,2.3,V,8.1,V,12.2,V,12.4,V,13.3,V,14.1,V,12.7,V,13.4,V,10.6,V,12.1,V,13.2,V,12.5,V,12.7,V,13.4,V,,,,
2015-10-23,8.0,V,15.8,V,2.4,V,7.9,V,81,V,0,V,0,V,0,E,0,V,0.0,V,2.6,V,9.1,V,0.0,V,2.8,V,8.5,V,0.0,V,3.6,V,9.1,V,0.0,V,2.0,V,7.8,V,12.4,V,12.6,V,13.1,V,13.7,V,12.8,V,13.2,V,11.0,V,12.3,V,13.1,V,13.0,V,12.8,V,13.2,V,,,,
2015-10-24,6.9,V,13.9,V,2.1,V,2.4,V,81,V,0,V,0,V,0,E,0,V,0.0,V,2.7,V,8.3,V,0.0,V,2.4,V,8.2,V,0.0,V,3.2,V,8.7,V,0.0,V,1.4,V,7.7,V,11.7,V,12.4,V,13.1,V,12.8,V,12.8,V,13.1,V,10.7,V,12.1,V,13.0,V,12.8,V,12.8,V,13.1,V,,,,
2015-10-25,7.5,V,13.8,V,3.0,V,3.4,V,81,V,0,V,0,V,0,E,0,V,0.0,V,2.1,V,7.5,V,0.0,V,1.8,V,8.0,V,0.0,V,2.6,V,8.5,V,0.0,V,1.1,V,7.5,V,11.6,V,12.1,V,12.9,V,13.2,V,12.3,V,13.0,V,10.3,V,11.8,V,12.8,V,11.8,V,12.3,V,13.0,V,,,,
2015-10-26,6.6,V,15.4,V,0.6,V,5.8,V,81,V,0,V,0,V,0,V,0,V,0.0,V,1.5,V,7.6,V,0.0,V,1.5,V,7.7,V,0.0,V,2.3,V,8.3,V,0.0,V,0.9,V,7.1,V,11.7,V,12.1,V,12.8,V,13.3,V,12.3,V,12.8,V,10.2,V,11.7,V,12.7,V,12.3,V,12.3,V,12.8,V,,,,
2015-10-27,7.3,V,11.7,V,3.2,V,3.3,V,81,V,0,V,0,V,0,E,0,V,0.0,V,1.4,V,7.0,V,0.0,V,1.4,V,7.5,V,0.0,V,2.0,V,8.1,V,0.0,V,0.9,V,7.0,V,11.1,V,11.9,V,12.7,V,12.2,V,12.3,V,12.7,V,10.6,V,11.7,V,12.6,V,12.2,V,12.3,V,12.7,V,,,,
2015-10-28,4.8,V,7.1,V,2.3,V,7.0,V,81,V,13,V,13,V,0,E,0,E,0.0,V,1.1,V,7.6,V,0.0,V,1.3,V,7.4,V,0.0,V,1.8,V,7.7,V,0.0,V,0.7,V,7.0,V,10.3,V,11.4,V,12.5,V,10.8,V,11.7,V,12.6,V,9.8,V,11.1,V,12.4,V,10.8,V,11.7,V,12.6,V,,,0.0,E
2015-10-29,4.1,V,9.9,V,0.6,V,2.3,V,94,V,0,V,0,V,0,E,0,E,0.0,V,1.2,V,7.5,V,0.0,V,1.0,V,7.1,V,0.0,V,1.9,V,7.7,V,0.0,V,0.1,V,6.5,V,9.2,V,10.6,V,12.3,V,10.4,V,11.1,V,12.4,V,8.1,V,10.2,V,12.2,V,9.7,V,11.1,V,12.4,V,,,,
2015-10-30,6.7,V,15.4,V,1.1,V,3.4,V,94,V,0,V,0,V,0,E,0,E,0.0,V,1.2,V,7.2,V,0.0,V,1.0,V,7.0,V,0.0,V,1.7,V,7.7,V,0.0,V,0.2,V,6.5,V,9.4,V,10.2,V,12.0,V,11.1,V,10.5,V,12.2,V,7.9,V,9.9,V,11.9,V,9.7,V,10.5,V,12.2,V,,,,
2015-10-31,8.5,V,15.8,V,2.2,V,3.5,V,94,V,0,V,0,V,0,E,0,E,0.0,V,1.0,V,6.8,V,0.0,V,0.8,V,6.9,V,0.0,V,1.3,V,7.3,V,0.0,V,0.3,V,6.5,V,10.0,V,10.4,V,11.8,V,11.5,V,10.7,V,11.9,V,8.7,V,10.2,V,11.7,V,10.5,V,10.5,V,11.9,V,,,,
2015-11-01,6.4,V,9.2,V,3.8,V,8.1,V,94,V,28,V,28,V,0,E,0,V,0.0,V,1.2,V,7.1,V,0.0,V,1.1,V,12.0,V,0.0,V,2.6,V,28.7,V,0.0,V,0.6,V,6.5,V,9.4,V,10.5,V,11.6,V,10.9,V,10.8,V,11.7,V,6.8,V,9.5,V,11.1,V,10.9,V,10.8,V,11.7,V,,,0.0,E
2015-11-02,1.5,V,5.0,V,-0.4,V,4.4,V,122,V,30,V,30,V,0,E,0,E,0.0,V,3.3,V,27.7,V,0.0,V,5.9,V,25.9,V,0.0,V,7.4,V,29.6,V,0.0,V,3.3,V,23.2,V,5.8,V,8.2,V,10.7,V,6.6,V,9.4,V,11.1,V,5.3,V,7.6,V,10.6,V,6.6,V,9.4,V,11.1,V,,,33.0,E
2015-11-03,-1.3,V,1.0,V,-4.1,V,-0.2,V,152,V,3,V,3,V,15,V,10,V,0.0,V,7.4,V,23.4,V,0.0,V,7.2,V,22.1,V,0.0,V,7.5,V,23.4,V,0.0,V,6.8,V,21.0,V,5.6,V,7.4,V,10.5,V,6.1,V,7.6,V,10.6,V,5.3,V,7.3,V,10.4,V,5.6,V,7.6,V,10.6,V,,,0.0,V
2015-11-04,-2.7,V,1.2,V,-5.5,V,-2.5,V,155,V,0,V,0,V,8,E,8,V,0.0,V,7.4,V,21.1,V,0.0,V,6.8,V,20.4,V,0.0,V,7.4,V,21.1,V,0.0,V,6.5,V,19.7,V,5.2,V,7.2,V,10.3,V,5.8,V,7.4,V,10.4,V,4.7,V,7.0,V,10.1,V,5.8,V,7.4,V,10.4,V,,,,
2015-11-05,-1.1,V,5.1,V,-6.0,V,-4.7,V,155,V,0,V,0,V,8,V,8,V,0.0,V,7.1,V,19.9,V,0.0,V,6.6,V,19.4,V,0.0,V,7.1,V,19.9,V,0.0,V,6.0,V,18.6,V,4.8,V,6.8,V,10.0,V,5.4,V,7.0,V,10.1,V,4.2,V,6.6,V,9.8,V,5.2,V,7.0,V,10.1,V,,,,
2015-11-06,2.1,V,9.9,V,-2.3,V,-1.3,V,155,V,0,V,0,V,5,V,8,E,0.0,V,6.0,V,19.0,V,0.0,V,6.4,V,18.6,V,0.0,V,6.9,V,19.1,V,0.0,V,5.9,V,18.2,V,5.4,V,6.7,V,9.6,V,6.8,V,6.9,V,9.8,V,4.5,V,6.5,V,9.5,V,5.2,V,6.7,V,9.8,V,,,,
2015-11-07,2.9,V,13.2,V,-2.2,V,-1.1,V,155,V,0,V,0,V,5,V,5,E,0.0,V,6.1,V,18.3,V,0.0,V,6.0,V,17.9,V,0.0,V,6.4,V,18.5,V,0.0,V,5.6,V,17.4,V,6.0,V,6.9,V,9.4,V,7.4,V,7.2,V,9.5,V,4.9,V,6.8,V,9.3,V,6.3,V,6.9,V,9.5,V,,,,
2015-11-08,1.2,V,6.0,V,-0.6,V,-0.3,V,155,V,10,V,10,V,5,E,5,E,0.0,V,5.8,V,17.5,V,0.0,V,5.7,V,17.2,V,0.0,V,6.1,V,17.7,V,0.0,V,5.3,V,16.8,V,5.6,V,7.1,V,9.3,V,6.8,V,7.3,V,9.3,V,5.2,V,6.8,V,9.2,V,6.8,V,7.2,V,9.3,V,,,75.0,E
2015-11-09,-1.8,V,-0.6,V,-3.0,V,-0.6,V,165,V,13,V,13,V,13,E,13,V,0.0,V,5.5,V,17.2,V,0.0,V,5.6,V,16.8,V,0.0,V,6.1,V,17.2,V,0.0,V,4.9,V,16.4,V,5.0,V,6.6,V,9.1,V,5.2,V,6.8,V,9.2,V,4.8,V,6.4,V,9.0,V,5.2,V,6.8,V,9.2,V,,,60.0,E
2015-11-10,-2.2,V,3.5,V,-7.4,V,-3.0,V,178,V,3,V,3,V,25,V,20,E,0.0,V,5.6,V,16.5,V,0.0,V,6.0,V,18.0,V,0.0,V,7.9,V,22.8,V,0.0,V,4.8,V,16.0,V,4.4,V,6.1,V,8.9,V,4.8,V,6.4,V,9.0,V,3.8,V,5.6,V,8.7,V,4.8,V,6.4,V,9.0,V,,,100.0,E
2015-11-11,-2.3,V,8.6,V,-8.5,V,-7.3,V,180,V,0,V,0,V,20,V,23,V,0.0,V,8.1,V,19.6,V,0.0,V,8.2,V,19.7,V,0.0,V,8.9,V,21.0,V,0.0,V,7.7,V,18.7,V,3.5,V,5.4,V,8.5,V,3.8,V,5.6,V,8.7,V,3.2,V,5.1,V,8.3,V,3.8,V,5.6,V,8.7,V,,,,
2015-11-12,0.0,V,9.5,V,-5.5,V,-4.3,V,180,V,0,V,0,V,18,V,23,V,0.0,V,8.9,V,20.3,V,0.0,V,8.9,V,20.2,V,0.0,V,9.5,V,20.7,V,0.0,V,8.4,V,19.9,V,3.2,V,5.0,V,8.2,V,3.3,V,5.1,V,8.3,V,3.0,V,4.7,V,8.0,V,3.2,V,5.1,V,8.3,V,,,,
2015-11-13,3.0,V,14.1,V,-2.6,V,-1.0,V,180,V,0,E,0,E,10,V,23,V,0.0,V,9.0,V,20.5,V,0.0,V,9.1,V,20.2,V,0.0,V,9.5,V,20.6,V,0.0,V,8.7,V,19.8,V,3.6,V,4.8,V,7.9,V,4.7,V,5.0,V,8.0,V,3.1,V,4.7,V,7.8,V,3.2,V,4.7,V,8.0,V,,,,
2015-11-14,3.8,V,10.8,V,-1.0,V,0.0,V,180,E,0,E,0,E,13,V,23,E,0.0,V,8.7,V,19.8,V,0.0,V,8.5,V,19.7,V,0.0,V,9.0,V,20.2,V,0.0,V,8.1,V,19.2,V,4.4,V,5.2,V,7.7,V,5.4,V,5.4,V,7.8,V,3.7,V,5.1,V,7.7,V,4.5,V,5.1,V,7.8,V,,,,
2015-11-15,-1.4,V,3.4,V,-5.7,V,3.1,V,180,V,15,V,15,V,8,V,23,E,0.0,V,8.4,V,19.4,V,0.0,V,8.0,V,19.1,V,0.0,V,8.4,V,19.4,V,0.0,V,7.7,V,18.7,V,4.1,V,5.4,V,7.7,V,4.9,V,5.5,V,7.7,V,3.7,V,5.2,V,7.6,V,4.9,V,5.5,V,7.7,V,,,100.0,E
2015-11-16,-4.7,V,-0.4,V,-7.0,V,-5.7,V,196,V,3,V,3,V,30,V,38,V,0.0,V,7.7,V,19.0,V,0.0,V,7.7,V,18.8,V,0.0,V,8.0,V,19.1,V,0.0,V,7.0,V,18.5,V,3.5,V,5.0,V,7.6,V,3.6,V,5.2,V,7.6,V,3.4,V,4.9,V,7.5,V,3.6,V,5.2,V,7.6,V,12.5,V,0.0,V
2015-11-17,0.8,V,8.6,V,-6.6,V,-6.4,V,198,V,0,V,0,V,25,V,38,V,0.0,V,7.6,V,18.9,V,0.0,V,7.4,V,18.5,V,0.0,V,7.8,V,18.9,V,0.0,V,7.0,V,18.1,V,3.3,V,4.7,V,7.4,V,3.4,V,4.9,V,7.5,V,3.1,V,4.6,V,7.3,V,3.4,V,4.8,V,7.5,V,15.0,V,,
2015-11-18,2.4,V,11.9,V,-2.6,V,-1.6,V,198,V,0,V,0,V,20,V,38,V,0.0,V,7.4,V,18.1,V,0.3,V,7.7,V,18.7,V,1.9,V,8.5,V,19.7,V,0.0,V,7.2,V,18.1,V,3.0,V,4.4,V,7.2,V,3.1,V,4.6,V,7.3,V,2.7,V,4.2,V,7.0,V,3.1,V,4.6,V,7.3,V,18.8,V,,
2015-11-19,3.5,V,12.7,V,-1.0,V,-0.4,V,198,V,3,V,3,V,18,V,38,V,1.5,V,8.1,V,19.5,V,0.6,V,8.4,V,19.7,V,1.5,V,8.9,V,20.1,V,0.0,V,8.1,V,19.2,V,3.4,V,4.2,V,6.9,V,4.8,V,4.5,V,7.0,V,2.8,V,4.1,V,6.8,V,2.8,V,4.2,V,7.0,V,21.4,V,0.0,V
2015-11-20,3.9,V,10.5,V,-0.5,V,0.0,V,201,V,0,V,0,V,15,V,36,V,0.8,V,8.0,V,19.3,V,0.4,V,8.2,V,19.4,V,0.9,V,8.6,V,19.9,V,0.0,V,7.7,V,19.1,V,4.4,V,4.7,V,6.8,V,5.6,V,5.0,V,6.8,V,3.5,V,4.6,V,6.8,V,4.5,V,4.6,V,6.8,V,23.3,V,,
2015-11-21,3.9,V,12.8,V,-0.6,V,2.8,V,201,V,0,V,0,V,13,V,30,V,0.4,V,7.7,V,19.6,V,0.3,E,7.8,V,19.2,V,0.9,E,8.2,V,19.6,V,0.0,V,7.2,V,18.9,V,5.0,V,5.1,V,6.8,V,6.2,V,5.4,V,6.8,V,3.9,V,5.0,V,6.8,V,5.2,V,5.1,V,6.8,V,24.0,V,,
2015-11-22,4.0,V,12.7,V,-0.5,V,1.1,V,201,V,0,V,0,V,13,V,30,V,0.1,V,7.9,V,19.0,V,0.2,V,7.5,V,18.9,V,1.0,V,8.0,V,19.3,V,0.0,V,7.0,V,18.4,V,5.1,V,5.4,V,6.8,V,6.2,V,5.6,V,6.9,V,4.1,V,5.2,V,6.8,V,5.6,V,5.5,V,6.8,V,24.0,V,,
2015-11-23,3.7,V,8.3,V,0.1,V,1.0,V,201,V,0,V,0,V,10,V,28,E,0.3,V,7.7,V,18.6,V,0.2,V,7.2,V,18.5,V,0.6,V,7.7,V,18.8,V,0.0,V,6.7,V,18.2,V,4.9,V,5.5,V,6.9,V,5.6,V,5.7,V,6.9,V,4.2,V,5.3,V,6.9,V,5.6,V,5.6,V,6.9,V,27.5,E,,
2015-11-24,-1.4,V,3.0,V,-5.1,V,2.9,V,201,V,28,V,28,V,10,V,28,E,0.1,V,6.7,V,18.1,V,0.2,V,6.9,V,18.2,V,0.6,V,7.4,V,18.5,V,0.0,V,6.4,V,17.7,V,4.0,V,5.2,V,6.9,V,5.0,V,5.5,V,6.9,V,3.6,V,4.9,V,6.9,V,5.0,V,5.5,V,6.9,V,27.5,E,100.0,E
2015-11-25,-6.2,V,-1.9,V,-9.9,V,-5.1,V,229,V,5,E,5,E,33,E,56,V,0.0,V,7.2,V,18.0,V,0.2,V,6.8,V,17.9,V,0.6,V,7.4,V,18.5,V,0.0,V,6.3,V,17.6,V,3.5,V,4.7,V,6.8,V,3.6,V,4.9,V,6.9,V,3.4,V,4.6,V,6.7,V,3.6,V,4.9,V,6.9,V,16.9,E,50.0,E
2015-11-26,-7.0,V,-4.2,V,-10.0,V,-10.0,V,234,E,0,E,0,E,36,V,58,V,0.2,V,6.8,V,18.0,V,0.0,V,6.7,V,17.8,V,0.2,V,6.9,V,18.1,V,0.0,V,6.4,V,17.4,V,3.3,V,4.5,V,6.7,V,3.4,V,4.6,V,6.7,V,3.2,V,4.4,V,6.6,V,3.4,V,4.6,V,6.7,V,16.4,V,,
2015-11-27,-7.1,V,-2.6,V,-8.9,V,-7.2,V,234,V,0,V,0,V,36,V,58,V,0.0,V,6.6,V,17.7,V,0.1,V,6.6,V,17.6,V,0.6,V,7.0,V,17.8,V,0.0,V,6.2,V,17.2,V,3.1,V,4.3,V,6.5,V,3.2,V,4.4,V,6.6,V,3.0,V,4.2,V,6.4,V,3.2,V,4.4,V,6.6,V,16.4,V,,
2015-11-28,-7.7,V,-0.9,V,-12.4,V,-8.2,V,234,V,0,V,0,V,36,V,58,V,0.2,V,6.3,V,17.6,V,0.0,V,6.4,V,17.4,V,0.3,V,6.9,V,17.8,V,0.0,V,5.9,V,16.9,V,2.9,V,4.1,V,6.4,V,3.0,V,4.2,V,6.4,V,2.8,V,4.0,V,6.3,V,3.0,V,4.2,V,6.4,V,16.4,V,,
2015-11-29,-6.6,V,4.7,V,-12.8,V,-9.9,V,234,V,0,V,0,V,36,V,58,V,0.0,V,6.5,V,17.3,V,0.0,V,6.4,V,17.2,V,0.2,V,6.7,V,17.5,V,0.0,V,6.1,V,16.9,V,2.6,V,3.9,V,6.2,V,2.8,V,4.0,V,6.3,V,2.5,V,3.8,V,6.1,V,2.8,V,4.0,V,6.3,V,16.4,V,,
2015-11-30,-4.1,V,5.8,V,-10.6,V,-10.0,V,234,V,3,V,3,V,33,V,58,E,0.0,V,6.3,V,17.3,V,0.1,V,6.4,V,17.1,V,0.4,V,6.7,V,17.4,V,0.0,V,6.1,V,16.8,V,2.5,V,3.7,V,6.0,V,2.5,V,3.8,V,6.1,V,2.4,V,3.6,V,6.0,V,2.5,V,3.8,V,6.1,V,17.7,E,100.0,E
2015-12-01,-1.1,V,9.0,V,-7.0,V,-5.3,V,236,V,0,E,0,E,33,V,61,E,0.0,V,6.1,V,17.1,V,0.4,V,6.3,V,16.9,V,2.4,V,6.8,V,17.4,V,0.0,V,5.9,V,16.6,V,2.3,V,3.6,V,5.9,V,2.4,V,3.7,V,6.0,V,2.3,V,3.5,V,5.8,V,2.4,V,3.7,V,5.9,V,18.5,E,,
2015-12-02,3.6,V,9.0,V,-1.1,V,-0.9,V,236,E,0,E,0,E,30,V,61,E,1.7,V,6.6,V,16.8,V,2.3,V,6.2,V,16.8,V,3.1,V,6.6,V,17.3,V,1.7,V,5.7,V,16.4,V,2.2,V,3.4,V,5.7,V,2.3,V,3.5,V,5.8,V,2.2,V,3.3,V,5.7,V,2.3,V,3.5,V,5.8,V,20.0,E,,
2015-12-03,2.8,V,7.2,V,-1.3,V,5.1,V,236,V,25,E,25,E,23,V,61,V,2.5,V,6.1,V,17.0,V,2.9,V,6.5,V,17.0,V,3.3,V,6.8,V,17.3,V,2.0,V,5.9,V,16.8,V,2.2,V,3.3,V,5.6,V,2.2,V,3.3,V,5.6,V,2.2,V,3.2,V,5.5,V,2.2,V,3.3,V,5.6,V,26.7,V,100.0,E
2015-12-04,-2.1,V,1.4,V,-6.8,V,-1.2,V,262,E,8,E,8,E,46,V,86,V,2.9,V,6.5,V,17.3,V,2.4,V,6.8,V,17.4,V,2.9,V,7.1,V,17.8,V,1.8,V,6.5,V,17.0,V,2.2,V,3.2,V,5.4,V,2.2,V,3.2,V,5.5,V,2.2,V,3.2,V,5.4,V,2.2,V,3.2,V,5.5,V,18.9,V,100.0,E
2015-12-05,-1.9,V,5.6,V,-7.9,V,-6.8,V,269,E,0,E,0,E,48,V,94,V,2.3,V,6.8,V,17.5,V,3.0,V,6.9,V,17.5,V,4.4,V,7.1,V,17.8,V,1.8,V,6.7,V,17.4,V,2.2,V,3.2,V,5.3,V,2.3,V,3.2,V,5.4,V,2.2,V,3.2,V,5.3,V,2.2,V,3.2,V,5.4,V,19.5,V,,
2015-12-06,1.4,V,3.4,V,-1.1,V,1.4,V,269,E,5,E,5,E,46,V,94,V,4.3,V,6.9,V,17.8,V,3.4,V,7.0,V,17.6,V,4.3,V,7.3,V,17.9,V,2.3,V,6.7,V,17.3,V,2.2,V,3.2,V,5.2,V,2.2,V,3.2,V,5.3,V,2.2,V,3.1,V,5.2,V,2.2,V,3.2,V,5.3,V,20.6,V,100.0,E
2015-12-07,2.6,V,4.7,V,1.0,V,2.3,V,274,V,0,V,0,V,43,V,99,V,2.1,V,6.6,V,17.6,V,3.6,V,7.0,V,17.7,V,5.4,V,7.3,V,18.0,V,1.9,V,6.6,V,17.4,V,2.2,V,3.1,V,5.1,V,2.2,V,3.1,V,5.2,V,2.1,V,3.1,V,5.1,V,2.2,V,3.1,V,5.2,V,22.9,V,,
2015-12-08,3.2,V,10.9,V,0.6,V,1.0,V,274,V,3,V,3,V,38,V,97,V,5.3,V,7.2,V,17.5,V,5.4,V,7.0,V,17.7,V,6.2,V,7.4,V,18.1,V,4.5,V,6.5,V,17.3,V,2.1,V,3.0,V,5.0,V,2.2,V,3.1,V,5.1,V,2.1,V,3.0,V,5.0,V,2.2,V,3.1,V,5.1,V,25.3,V,0.0,V
2015-12-09,3.5,V,6.2,V,0.5,V,2.2,V,277,V,8,V,8,V,33,V,94,V,6.0,V,7.2,V,17.9,V,5.8,V,8.1,V,17.8,V,6.7,V,10.4,V,18.3,V,4.8,V,6.8,V,17.3,V,2.1,V,2.9,V,5.0,V,2.1,V,3.0,V,5.0,V,2.0,V,2.9,V,4.9,V,2.1,V,3.0,V,5.0,V,28.5,V,33.0,V
2015-12-10,0.4,V,4.7,V,-2.4,V,4.4,V,284,V,69,V,69,V,28,V,97,V,5.2,V,10.0,V,18.0,V,6.0,V,12.0,V,26.2,V,6.9,V,13.0,V,30.0,V,4.4,V,10.0,V,18.0,V,1.3,V,1.9,V,4.2,V,2.0,V,2.9,V,4.9,V,0.9,V,1.6,V,4.0,V,2.0,V,2.9,V,4.9,V,34.5,V,48.0,E
2015-12-11,-2.6,V,-0.5,V,-5.3,V,-2.4,V,353,V,15,V,15,V,53,V,130,E,5.0,V,11.4,V,26.2,V,4.0,V,10.8,V,25.2,V,5.1,V,11.4,V,26.2,V,3.1,V,10.3,V,24.4,V,1.5,V,1.9,V,4.0,V,1.5,V,2.0,V,4.0,V,1.3,V,1.8,V,4.0,V,1.3,V,1.8,V,4.0,V,24.3,E,100.0,E
2015-12-12,-3.7,V,-0.1,V,-8.4,V,-5.1,V,368,V,3,V,3,V,64,V,145,E,3.7,V,10.3,V,24.3,V,3.6,V,10.0,V,24.0,V,4.2,V,10.3,V,24.6,V,3.0,V,9.6,V,23.5,V,1.6,V,2.0,V,4.0,V,1.6,V,2.1,V,4.0,V,1.5,V,2.0,V,4.0,V,1.5,V,2.0,V,4.0,V,22.8,E,100.0,E
2015-12-13,-1.8,V,0.7,V,-5.8,V,-0.1,V,371,V,43,E,43,E,61,V,147,E,3.7,V,9.5,V,23.7,V,3.3,V,9.4,V,23.2,V,3.8,V,9.9,V,23.7,V,2.8,V,9.2,V,22.9,V,1.6,V,2.1,V,4.0,V,1.6,V,2.2,V,4.0,V,1.6,V,2.1,V,4.0,V,1.6,V,2.1,V,4.0,V,24.2,E,100.0,E
2015-12-14,-7.8,V,-3.5,V,-10.9,V,-5.8,V,414,E,0,E,0,E,89,E,190,V,3.3,V,9.3,V,22.8,V,3.2,E,9.1,V,22.7,V,3.6,V,9.3,V,23.0,V,2.8,V,8.9,V,22.3,V,1.6,V,2.2,V,4.0,V,1.7,V,2.2,V,4.0,V,1.6,V,2.1,V,4.0,V,1.6,V,2.1,V,4.0,V,21.4,E,,
2015-12-15,-7.2,V,-2.7,V,-9.7,V,-8.7,V,414,V,0,V,0,V,84,V,190,V,3.0,V,9.0,V,22.4,V,3.1,E,8.9,V,22.3,V,3.5,V,9.1,V,22.6,V,2.6,V,8.5,V,21.9,V,1.7,V,2.2,V,4.0,V,1.7,V,2.2,V,4.0,V,1.6,V,2.2,V,4.0,V,1.6,V,2.2,V,4.0,V,22.7,V,,
2015-12-16,-4.2,V,3.5,V,-8.9,V,-7.6,V,414,V,0,V,0,V,81,V,190,E,2.9,V,8.6,V,22.2,V,3.0,V,8.6,V,21.9,V,3.3,V,8.8,V,22.2,V,2.7,V,8.5,V,21.5,V,1.7,V,2.3,V,4.0,V,1.7,V,2.3,V,4.0,V,1.7,V,2.2,V,4.0,V,1.7,V,2.2,V,4.0,V,23.4,E,,
2015-12-17,-1.1,V,1.1,V,-4.3,V,-4.3,V,414,V,0,V,0,V,76,V,190,V,3.4,V,8.4,V,21.7,V,3.0,V,8.5,V,21.6,V,3.4,V,8.6,V,21.8,V,2.7,V,8.3,V,21.3,V,1.7,V,2.3,V,4.0,V,1.7,V,2.3,V,4.0,V,1.7,V,2.3,V,4.0,V,1.7,V,2.3,V,4.0,V,25.0,V,,
2015-12-18,-0.7,V,3.5,V,-3.9,V,-2.9,V,414,V,5,V,5,V,74,V,190,V,2.9,V,8.5,V,21.7,V,2.9,V,8.4,V,21.3,V,3.3,V,8.6,V,21.7,V,2.6,V,8.2,V,21.0,V,1.7,V,2.3,V,4.0,V,1.7,V,2.3,V,4.0,V,1.7,V,2.3,V,4.0,V,1.7,V,2.3,V,4.0,V,25.9,V,100.0,V
2015-12-19,-2.1,V,-0.8,V,-5.0,V,-1.2,V,419,V,23,E,23,E,74,V,196,V,2.6,V,8.3,V,21.3,V,2.9,E,8.3,V,21.2,V,3.3,V,8.5,V,21.4,V,2.6,V,8.1,V,20.9,V,1.7,V,2.3,V,4.0,V,1.7,V,2.3,V,4.0,V,1.7,V,2.3,V,4.0,V,1.7,V,2.3,V,4.0,V,26.6,V,100.0,E
2015-12-20,-4.1,V,-0.1,V,-8.0,V,-5.0,V,442,E,18,E,18,E,89,V,218,V,2.9,V,8.2,V,21.1,V,3.0,V,8.2,V,20.9,V,3.3,V,8.4,V,21.2,V,2.7,V,7.9,V,20.6,V,1.7,V,2.3,V,4.0,V,1.7,V,2.3,V,4.0,V,1.7,V,2.3,V,3.9,V,1.7,V,2.3,V,4.0,V,24.6,V,86.0,E
2015-12-21,0.9,V,1.4,V,-0.1,V,-0.1,V,460,E,69,E,79,E,94,V,234,V,2.7,V,8.3,V,20.6,V,2.9,V,8.1,V,20.8,V,3.4,V,8.3,V,21.0,V,2.6,V,7.9,V,20.5,V,1.7,V,2.3,V,3.9,V,1.7,V,2.3,V,3.9,V,1.7,V,2.3,V,3.9,V,1.7,V,2.3,V,3.9,V,24.9,V,115.0,E
2015-12-22,1.7,V,3.3,V,0.0,V,1.2,V,528,E,36,E,36,E,137,V,312,V,2.5,V,8.0,V,20.7,V,3.5,V,9.9,V,21.9,V,4.6,V,11.1,V,24.0,V,2.4,V,8.0,V,20.5,V,1.4,V,2.1,V,3.9,V,1.7,V,2.3,V,3.9,V,1.2,V,1.9,V,3.8,V,1.7,V,2.3,V,3.9,V,22.8,V,100.0,E
2015-12-23,-3.4,V,0.2,V,-5.7,V,0.2,V,564,E,13,E,13,E,122,V,348,V,3.1,V,11.0,V,24.9,V,3.7,V,10.9,V,26.5,V,4.3,V,11.1,V,27.6,V,3.1,V,10.6,V,24.9,V,1.5,V,2.0,V,3.7,V,1.5,V,2.1,V,3.8,V,1.4,V,2.0,V,3.6,V,1.4,V,2.0,V,3.8,V,28.5,V,100.0,E
2015-12-24,-5.8,V,-4.3,V,-7.8,V,-5.6,V,577,E,30,E,30,E,124,V,361,E,4.0,V,11.0,V,27.8,V,3.8,V,10.9,V,27.9,V,4.4,V,11.0,V,28.3,V,3.2,V,10.7,V,27.3,V,1.5,V,2.1,V,3.8,V,1.5,V,2.1,V,3.8,V,1.5,V,2.1,V,3.7,V,1.5,V,2.1,V,3.7,V,29.0,E,100.0,E
2015-12-25,-7.2,V,-2.6,V,-11.0,V,-7.8,V,607,E,0,E,0,E,157,V,391,E,3.9,V,10.8,V,28.4,V,3.8,E,10.8,V,28.4,V,4.4,V,11.0,V,28.6,V,3.3,V,10.7,V,28.1,V,1.6,V,2.2,V,3.8,V,1.6,V,2.2,V,3.9,V,1.5,V,2.1,V,3.8,V,1.5,V,2.1,V,3.8,V,24.8,E,,
2015-12-26,-7.4,V,-2.1,V,-10.5,V,-8.6,V,607,E,0,E,0,E,145,V,391,E,3.9,V,11.0,V,28.7,V,3.8,V,10.9,V,28.8,V,4.5,V,11.1,V,29.1,V,3.3,V,10.7,V,28.6,V,1.6,V,2.2,V,3.9,V,1.6,V,2.3,V,3.9,V,1.6,V,2.2,V,3.9,V,1.6,V,2.2,V,3.9,V,27.0,E,,
2015-12-27,-5.1,V,0.3,V,-9.2,V,-8.1,V,607,E,0,E,0,E,142,V,391,V,4.2,V,10.7,V,28.9,V,3.8,V,10.9,V,29.3,V,4.3,V,11.2,V,29.6,V,3.4,V,10.7,V,28.9,V,1.6,V,2.3,V,4.0,V,1.6,V,2.3,V,4.0,V,1.6,V,2.2,V,3.9,V,1.6,V,2.2,V,3.9,V,27.5,V,,
2015-12-28,-4.9,V,-1.6,V,-6.5,V,-5.7,V,607,E,0,E,0,E,135,V,391,E,3.6,V,11.0,V,29.7,V,3.9,V,11.0,V,29.7,V,4.4,V,11.2,V,30.0,V,3.4,V,10.8,V,29.4,V,1.7,V,2.3,V,4.0,V,1.7,V,2.3,V,4.0,V,1.6,V,2.3,V,4.0,V,1.6,V,2.3,V,4.0,V,29.1,E,,
2015-12-29,-5.8,V,1.2,V,-10.6,V,-5.8,V,607,E,0,E,0,E,135,V,391,E,3.8,V,11.0,V,29.9,V,3.9,V,11.1,V,30.1,V,4.3,V,11.3,V,30.4,V,3.7,V,10.9,V,29.8,V,1.7,V,2.4,V,4.0,V,1.7,V,2.4,V,4.0,V,1.7,V,2.3,V,4.0,V,1.7,V,2.4,V,4.0,V,29.1,E,,
2015-12-30,-5.5,V,0.0,V,-10.4,V,-10.1,V,607,E,0,E,0,E,132,V,391,E,4.1,V,11.4,V,30.3,V,4.0,E,11.2,V,30.4,V,4.4,V,11.4,V,30.7,V,3.6,V,11.0,V,30.0,V,1.7,V,2.4,V,4.0,V,1.7,V,2.4,V,4.0,V,1.7,V,2.4,V,4.0,V,1.7,V,2.4,V,4.0,V,29.6,E,,
2015-12-31,-8.1,V,-2.3,V,-11.7,V,-6.9,V,607,V,0,E,0,E,130,V,391,E,4.1,V,11.3,V,30.6,V,4.0,V,11.3,V,30.7,V,4.3,V,11.4,V,31.0,V,3.7,V,11.0,V,30.4,V,1.7,V,2.4,V,4.0,V,1.7,V,2.4,V,4.0,V,1.7,V,2.4,V,4.0,V,1.7,V,2.4,V,4.0,V,30.2,E,,
2016-01-01,-11.1,V,-4.2,V,-14.9,V,-11.8,V,607,E,0,E,0,E,130,V,391,E,3.8,V,11.3,V,31.0,V,4.0,V,11.4,V,31.0,V,4.5,V,11.6,V,31.2,V,3.7,V,11.1,V,30.7,V,1.7,V,2.4,V,4.0,V,1.7,V,2.4,V,4.0,V,1.7,V,2.4,V,4.0,V,1.7,V,2.4,V,4.0,V,30.2,E,,
2016-01-02,-4.9,V,2.8,V,-14.9,V,-14.8,V,607,V,0,E,0,E,130,V,391,E,4.2,V,11.2,V,31.1,V,4.1,V,11.4,V,31.3,V,4.4,V,11.6,V,31.6,V,3.6,V,11.1,V,31.0,V,1.7,V,2.4,V,4.0,V,1.7,V,2.4,V,4.0,V,1.7,V,2.4,V,4.0,V,1.7,V,2.4,V,4.0,V,30.2,E,,
2016-01-03,-0.6,V,5.3,V,-3.1,V,-2.7,V,607,E,0,E,0,E,124,V,391,E,4.2,E,11.5,V,31.6,V,4.2,E,11.5,V,31.5,V,4.6,V,11.7,V,31.8,V,3.8,V,11.3,V,31.3,V,1.7,V,2.4,V,4.0,V,1.7,V,2.4,V,4.0,V,1.7,V,2.4,V,4.0,V,1.7,V,2.4,V,4.0,V,31.4,E,,
2016-01-04,-1.2,V,1.8,V,-4.7,V,-1.8,V,607,V,3,V,3,V,122,V,391,E,3.8,V,11.6,V,31.6,V,4.2,V,11.5,V,31.8,V,4.5,V,11.8,V,32.0,V,3.8,V,11.4,V,31.6,V,1.7,V,2.4,V,4.0,V,1.7,V,2.4,V,4.0,V,1.7,V,2.4,V,4.0,V,1.7,V,2.4,V,4.0,V,32.1,E,100.0,E
2016-01-05,-0.3,V,0.6,V,-2.4,V,0.1,V,610,V,23,V,28,V,127,V,394,V,4.2,V,11.7,V,31.9,V,4.2,V,11.6,V,32.0,V,4.7,V,11.8,V,32.2,V,3.8,V,11.4,V,31.7,V,1.7,V,2.4,V,4.0,V,1.7,V,2.4,V,4.0,V,1.7,V,2.4,V,3.9,V,1.7,V,2.4,V,4.0,V,31.0,V,122.0,V
2016-01-06,-2.4,V,-1.2,V,-4.3,V,-2.4,V,632,V,15,E,15,E,147,E,422,V,4.0,V,11.8,V,32.2,V,4.3,V,11.6,V,32.2,V,4.6,V,11.9,V,32.4,V,3.8,V,11.5,V,31.9,V,1.7,V,2.4,V,3.9,V,1.7,V,2.4,V,3.9,V,1.7,V,2.4,V,3.9,V,1.7,V,2.4,V,3.9,V,28.6,E,100.0,E
2016-01-07,-3.6,V,0.2,V,-9.5,V,-2.8,V,648,E,3,E,3,E,160,E,437,V,4.1,V,11.7,V,32.1,V,4.3,E,11.6,V,32.3,V,4.7,V,11.8,V,32.5,V,4.0,V,11.4,V,32.1,V,1.7,V,2.4,V,3.9,V,1.7,V,2.4,V,3.9,V,1.7,V,2.4,V,3.9,V,1.7,V,2.4,V,3.9,V,27.3,E,100.0,E
2016-01-08,-5.1,V,2.8,V,-10.9,V,-9.4,V,650,E,3,E,3,E,157,V,439,V,4.4,V,11.8,V,32.1,V,4.3,V,11.7,V,32.2,V,4.6,V,11.9,V,32.5,V,3.9,V,11.5,V,32.0,V,1.7,V,2.3,V,3.9,V,1.7,V,2.4,V,3.9,V,1.7,V,2.3,V,3.8,V,1.7,V,2.4,V,3.9,V,27.9,V,100.0,E
2016-01-09,-1.6,V,1.0,V,-3.7,V,-3.4,V,653,E,5,E,5,E,152,V,442,V,4.2,V,11.7,V,32.5,V,4.3,V,11.6,V,32.2,V,4.7,V,11.8,V,32.5,V,3.9,V,11.5,V,32.0,V,1.7,V,2.3,V,3.8,V,1.7,V,2.3,V,3.8,V,1.7,V,2.3,V,3.8,V,1.7,V,2.3,V,3.8,V,29.0,V,100.0,E
2016-01-10,-1.8,V,2.8,V,-4.9,V,-1.8,V,658,E,0,E,0,E,150,V,447,V,4.3,V,11.7,V,32.1,V,4.3,V,11.6,V,32.2,V,4.6,V,11.8,V,32.4,V,4.0,V,11.4,V,32.0,V,1.6,V,2.3,V,3.8,V,1.7,V,2.3,V,3.8,V,1.6,V,2.3,V,3.8,V,1.7,V,2.3,V,3.8,V,29.8,V,,
2016-01-11,-1.9,V,5.6,V,-7.4,V,-4.4,V,658,V,3,E,3,E,147,V,447,V,4.2,V,11.4,V,32.1,V,4.2,E,11.6,V,32.1,V,4.6,E,11.8,V,32.3,V,3.8,V,11.4,V,31.9,V,1.6,V,2.3,V,3.7,V,1.6,V,2.3,V,3.8,V,1.6,V,2.3,V,3.7,V,1.6,V,2.3,V,3.8,V,30.3,V,100.0,E
2016-01-12,-0.9,V,7.8,V,-6.4,V,-4.1,V,660,E,0,E,0,E,140,V,450,V,4.4,V,11.5,V,32.0,V,4.3,E,11.5,V,32.1,V,4.7,V,11.7,V,32.3,V,4.0,V,11.3,V,31.9,V,1.6,V,2.3,V,3.7,V,1.7,V,2.3,V,3.7,V,1.6,V,2.2,V,3.7,V,1.6,V,2.3,V,3.7,V,32.2,V,,
2016-01-13,-0.9,V,1.9,V,-3.7,V,0.4,V,660,E,48,E,48,E,142,V,450,V,4.2,V,11.5,V,32.1,V,4.3,V,11.5,V,32.0,V,4.6,V,11.8,V,32.2,V,3.9,V,11.4,V,31.8,V,1.6,V,2.2,V,3.7,V,1.6,V,2.2,V,3.7,V,1.6,V,2.2,V,3.7,V,1.6,V,2.2,V,3.7,V,31.6,V,100.0,E
2016-01-14,-2.9,V,0.0,V,-7.4,V,-3.2,V,709,E,33,E,33,E,170,V,498,V,4.7,V,11.6,V,31.9,V,4.3,V,11.6,V,32.0,V,4.7,V,11.8,V,32.3,V,3.8,V,11.5,V,31.9,V,1.6,V,2.2,V,3.6,V,1.6,V,2.2,V,3.7,V,1.6,V,2.2,V,3.6,V,1.6,V,2.2,V,3.7,V,29.3,V,100.0,E
2016-01-15,-1.3,V,2.5,V,-6.4,V,-0.9,V,742,E,13,E,13,E,188,V,531,V,4.0,V,11.4,V,32.2,V,4.3,E,11.5,V,32.0,V,4.6,V,11.7,V,32.2,V,4.0,V,11.4,V,31.8,V,1.6,V,2.2,V,3.6,V,1.6,V,2.2,V,3.6,V,1.6,V,2.2,V,3.6,V,1.6,V,2.2,V,3.6,V,28.2,V,100.0,E
2016-01-16,1.5,V,4.3,V,-1.1,V,-1.0,V,754,E,10,E,10,E,188,V,544,V,4.2,V,11.6,V,32.0,V,4.4,E,11.7,V,32.0,V,4.8,V,12.1,V,32.4,V,4.1,V,11.4,V,31.8,V,1.5,V,2.1,V,3.6,V,1.6,V,2.2,V,3.6,V,1.5,V,2.1,V,3.5,V,1.6,V,2.2,V,3.6,V,28.9,V,100.0,E
2016-01-17,1.4,V,3.2,V,-0.1,V,0.7,V,765,E,20,E,20,E,185,V,554,V,4.9,V,12.1,V,32.4,V,4.5,V,12.2,V,32.7,V,4.9,V,12.4,V,33.1,V,4.1,V,11.9,V,32.3,V,1.5,V,2.1,V,3.5,V,1.5,V,2.1,V,3.5,V,1.5,V,2.1,V,3.5,V,1.5,V,2.1,V,3.5,V,29.9,V,100.0,E
2016-01-18,0.7,V,2.4,V,0.0,V,0.4,V,785,E,15,E,15,E,196,E,574,V,4.6,V,12.2,V,32.9,V,4.6,V,12.3,V,33.3,V,5.0,V,12.6,V,33.5,V,4.2,V,12.2,V,32.9,V,1.5,V,2.0,V,3.5,V,1.5,V,2.1,V,3.5,V,1.5,V,2.0,V,3.5,V,1.5,V,2.1,V,3.5,V,29.4,E,100.0,E
2016-01-19,1.1,V,2.7,V,0.1,V,0.6,V,800,V,36,E,36,E,193,V,589,V,4.5,V,12.5,V,33.5,V,4.7,V,12.5,V,33.7,V,5.1,V,12.8,V,34.1,V,4.2,V,12.2,V,33.5,V,1.5,V,2.0,V,3.4,V,1.5,V,2.0,V,3.5,V,1.4,V,2.0,V,3.4,V,1.5,V,2.0,V,3.5,V,30.5,V,100.0,E
2016-01-20,0.4,V,5.8,V,-1.8,V,0.8,V,836,E,0,E,0,E,203,V,625,V,4.8,V,12.7,V,34.2,V,4.9,E,12.8,V,34.4,V,5.3,V,12.9,V,34.6,V,4.6,V,12.6,V,34.1,V,1.4,V,2.0,V,3.4,V,1.4,V,2.0,V,3.4,V,1.4,V,2.0,V,3.4,V,1.4,V,2.0,V,3.4,V,30.8,V,,
2016-01-21,2.1,V,9.3,V,-1.5,V,-1.5,V,836,V,0,V,0,V,198,V,625,V,4.8,V,12.8,V,34.5,V,5.0,V,12.8,V,34.7,V,5.3,V,12.9,V,34.9,V,4.7,V,12.7,V,34.5,V,1.4,V,2.0,V,3.3,V,1.4,V,2.0,V,3.4,V,1.4,V,1.9,V,3.3,V,1.4,V,2.0,V,3.4,V,31.5,V,,
2016-01-22,2.0,V,3.8,V,0.9,V,3.3,V,836,V,25,E,25,E,196,V,625,V,4.8,V,12.9,V,34.7,V,4.9,V,12.9,V,34.9,V,5.3,V,13.0,V,35.1,V,4.6,V,12.7,V,34.7,V,1.4,V,1.9,V,3.3,V,1.4,V,1.9,V,3.3,V,1.4,V,1.9,V,3.3,V,1.4,V,1.9,V,3.3,V,31.9,V,100.0,E
2016-01-23,-0.6,V,1.6,V,-1.7,V,1.5,V,861,E,28,E,28,E,201,V,650,V,4.9,V,13.0,V,35.0,V,5.1,V,13.0,V,35.2,V,5.4,V,13.1,V,35.4,V,4.7,V,12.8,V,35.0,V,1.4,V,1.9,V,3.2,V,1.4,V,1.9,V,3.2,V,1.4,V,1.9,V,3.2,V,1.4,V,1.9,V,3.2,V,32.4,V,100.0,E
2016-01-24,-1.2,V,0.8,V,-2.2,V,-1.2,V,889,E,3,E,3,E,216,V,678,E,4.8,V,13.1,V,35.3,V,5.2,E,13.0,V,35.4,V,5.5,V,13.2,V,35.5,V,4.8,V,12.8,V,35.2,V,1.4,V,1.9,V,3.2,V,1.4,V,1.9,V,3.2,V,1.4,V,1.9,V,3.2,V,1.4,V,1.9,V,3.2,V,31.4,E,100.0,E
2016-01-25,-1.2,V,4.8,V,-5.6,V,-1.5,V,892,V,0,V,0,V,213,E,681,E,5.2,V,13.2,V,35.6,V,5.2,E,13.1,V,35.5,V,5.5,V,13.3,V,35.7,V,4.9,V,12.9,V,35.3,V,1.3,V,1.8,V,3.2,V,1.4,V,1.9,V,3.2,V,1.3,V,1.8,V,3.1,V,1.3,V,1.9,V,3.2,V,31.9,E,,
2016-01-26,-0.2,V,7.3,V,-4.8,V,-1.3,V,892,V,3,V,3,V,203,V,681,V,5.2,V,13.1,V,35.5,V,5.2,V,13.1,V,35.6,V,5.8,V,13.2,V,35.8,V,4.7,V,12.9,V,35.4,V,1.3,V,1.8,V,3.1,V,1.3,V,1.8,V,3.1,V,1.3,V,1.8,V,3.1,V,1.3,V,1.8,V,3.1,V,33.5,V,0.0,V
2016-01-27,0.8,V,11.0,V,-3.2,V,-1.3,V,894,V,0,V,0,V,196,V,681,V,5.0,V,13.2,V,35.7,V,5.2,V,13.2,V,35.7,V,5.5,V,13.3,V,35.9,V,4.8,V,13.1,V,35.6,V,1.3,V,1.8,V,3.1,V,1.3,V,1.8,V,3.1,V,1.3,V,1.8,V,3.0,V,1.3,V,1.8,V,3.1,V,34.8,V,,
2016-01-28,1.1,V,8.6,V,-4.0,V,-3.2,V,894,V,3,V,3,V,198,V,681,V,5.5,V,13.2,V,35.9,V,5.3,V,13.2,V,36.0,V,5.6,V,13.3,V,36.1,V,4.9,V,13.1,V,35.8,V,1.3,V,1.8,V,3.0,V,1.3,V,1.8,V,3.0,V,1.3,V,1.8,V,3.0,V,1.3,V,1.8,V,3.0,V,34.4,V,0.0,V
2016-01-29,4.0,V,5.3,V,1.5,V,3.7,V,897,V,94,V,94,V,193,V,681,V,5.6,V,13.1,V,36.1,V,5.5,V,15.4,V,38.0,V,6.3,V,35.4,V,40.6,V,4.9,V,13.1,V,36.0,V,1.3,V,1.7,V,2.9,V,1.3,V,1.8,V,3.0,V,1.2,V,1.5,V,2.6,V,1.3,V,1.8,V,3.0,V,35.3,V,0.0,V
2016-01-30,-1.5,V,2.3,V,-3.2,V,2.1,V,991,V,25,V,25,V,185,V,663,V,6.5,V,36.3,V,40.6,V,6.9,V,27.4,V,40.6,V,7.3,V,36.4,V,40.6,V,6.5,V,23.6,V,40.6,V,1.1,V,1.1,V,2.3,V,1.2,V,1.4,V,2.6,V,1.1,V,1.1,V,2.1,V,1.2,V,1.4,V,2.6,V,35.8,V,30.0,E
2016-01-31,-4.3,V,-2.6,V,-7.6,V,-2.8,V,1016,V,13,V,13,V,190,V,671,E,7.1,V,23.5,V,40.6,V,6.7,V,22.7,V,40.5,V,7.1,V,23.5,V,40.6,V,6.2,V,22.0,V,40.4,V,1.1,V,1.1,V,2.3,V,1.1,V,1.1,V,2.3,V,1.1,V,1.1,V,2.3,V,1.1,V,1.1,V,2.3,V,35.2,E,100.0,E
2016-02-01,-7.6,V,-1.3,V,-11.3,V,-7.4,V,1029,V,0,V,0,V,203,V,683,E,6.1,V,21.9,V,40.4,V,6.4,V,21.5,V,40.4,V,7.0,V,21.9,V,40.4,V,6.0,V,21.0,V,40.4,V,1.1,V,1.2,V,2.2,V,1.1,V,1.2,V,2.3,V,1.0,V,1.1,V,2.2,V,1.1,V,1.1,V,2.3,V,33.6,E,,
2016-02-02,-7.1,V,-0.7,V,-11.7,V,-9.4,V,1029,V,5,V,5,V,201,V,683,V,6.0,V,21.0,V,40.4,V,6.5,V,21.0,V,40.4,V,7.0,V,21.2,V,40.4,V,5.8,V,20.7,V,40.4,V,1.0,V,1.2,V,2.2,V,1.0,V,1.3,V,2.2,V,1.0,V,1.2,V,2.2,V,1.0,V,1.2,V,2.2,V,34.1,V,50.0,V
2016-02-03,-4.7,V,0.6,V,-12.5,V,-11.7,V,1034,V,3,E,3,E,190,V,686,V,6.8,V,20.8,V,40.4,V,6.4,V,20.7,V,40.4,V,6.9,V,20.9,V,40.4,V,5.8,V,20.5,V,40.4,V,1.0,V,1.3,V,2.2,V,1.1,V,1.3,V,2.2,V,1.0,V,1.3,V,2.2,V,1.0,V,1.3,V,2.2,V,36.0,V,0.0,E
2016-02-04,-1.2,V,6.0,V,-6.9,V,-2.8,V,1036,E,0,E,0,E,196,V,686,V,6.2,V,20.5,V,40.4,V,6.3,V,20.4,V,40.4,V,6.9,V,20.6,V,40.4,V,5.8,V,20.3,V,40.4,V,1.0,V,1.3,V,2.2,V,1.1,V,1.3,V,2.2,V,1.0,V,1.3,V,2.2,V,1.0,V,1.3,V,2.2,V,35.1,V,,
2016-02-05,-0.2,V,9.5,V,-5.9,V,-2.9,V,1036,E,0,E,0,E,193,V,683,V,6.3,V,20.4,V,40.4,V,6.3,V,20.3,V,40.4,V,6.9,V,20.4,V,40.4,V,5.8,V,20.2,V,40.3,V,1.0,V,1.3,V,2.2,V,1.0,V,1.3,V,2.2,V,1.0,V,1.3,V,2.2,V,1.0,V,1.3,V,2.2,V,35.4,V,,
2016-02-06,1.1,V,10.3,V,-4.8,V,-2.7,V,1036,E,0,E,0,E,190,V,681,V,6.7,V,20.3,V,40.4,V,6.3,V,20.2,V,40.3,V,6.8,V,20.3,V,40.4,V,5.7,V,20.1,V,40.2,V,1.0,V,1.3,V,2.2,V,1.0,V,1.4,V,2.2,V,1.0,V,1.3,V,2.2,V,1.0,V,1.3,V,2.2,V,35.7,V,,
2016-02-07,5.0,V,10.4,V,-1.2,V,-0.6,V,1036,E,0,E,0,E,185,V,678,V,6.0,V,20.4,V,40.2,V,6.3,V,20.2,V,40.2,V,7.0,V,20.4,V,40.2,V,5.8,V,20.0,V,40.2,V,1.0,V,1.4,V,2.2,V,1.0,V,1.4,V,2.2,V,1.0,V,1.3,V,2.2,V,1.0,V,1.4,V,2.2,V,36.6,V,,
2016-02-08,5.5,V,12.6,V,-0.5,V,2.9,V,1036,V,0,V,0,V,180,V,676,E,6.2,V,20.4,V,40.2,V,6.6,V,20.3,V,40.2,V,7.0,V,20.4,V,40.2,V,5.8,V,20.1,V,40.2,V,1.0,V,1.3,V,2.2,V,1.0,V,1.4,V,2.2,V,1.0,V,1.3,V,2.2,V,1.0,V,1.3,V,2.2,V,37.5,E,,
2016-02-09,5.3,V,16.6,V,-0.8,V,3.6,V,1036,V,0,V,0,V,175,V,671,E,6.0,V,20.5,V,40.2,V,6.4,V,20.4,V,40.2,V,6.9,V,20.6,V,40.2,V,5.8,V,20.3,V,40.2,V,1.0,V,1.3,V,2.2,V,1.0,V,1.4,V,2.2,V,1.0,V,1.3,V,2.2,V,1.0,V,1.4,V,2.2,V,38.3,E,,
2016-02-10,4.3,V,14.2,V,-1.4,V,1.3,V,1036,V,0,V,0,V,173,V,668,E,6.8,V,20.5,V,40.2,V,6.6,V,20.4,V,40.2,V,7.0,V,20.6,V,40.3,V,6.1,V,20.3,V,40.2,V,1.0,V,1.3,V,2.1,V,1.0,V,1.3,V,2.2,V,1.0,V,1.3,V,2.1,V,1.0,V,1.3,V,2.2,V,38.7,E,,
2016-02-11,5.2,V,14.7,V,0.0,V,1.5,V,1036,V,0,V,0,V,168,V,665,E,6.1,V,20.5,V,40.2,V,6.5,V,20.5,V,40.2,V,7.2,V,20.6,V,40.3,V,5.9,V,20.3,V,40.2,V,1.0,V,1.3,V,2.1,V,1.0,V,1.3,V,2.1,V,1.0,V,1.3,V,2.1,V,1.0,V,1.3,V,2.1,V,39.7,E,,
2016-02-12,3.9,V,13.7,V,-1.1,V,0.8,V,1036,V,0,V,0,V,168,V,663,V,6.2,V,20.4,V,40.3,V,6.6,V,20.5,V,40.3,V,7.2,V,20.7,V,40.3,V,6.1,V,20.4,V,40.2,V,1.0,V,1.3,V,2.1,V,1.0,V,1.3,V,2.1,V,1.0,V,1.3,V,2.1,V,1.0,V,1.3,V,2.1,V,39.5,V,,
2016-02-13,3.7,V,13.4,V,-2.8,V,0.1,V,1036,V,0,V,0,V,168,V,660,V,6.1,V,20.6,V,40.3,V,6.6,V,20.5,V,40.3,V,7.2,V,20.7,V,40.3,V,6.1,V,20.4,V,40.2,V,1.0,V,1.3,V,2.1,V,1.0,V,1.3,V,2.1,V,1.0,V,1.3,V,2.1,V,1.0,V,1.3,V,2.1,V,39.4,V,,
2016-02-14,4.8,V,10.7,V,-0.5,V,1.6,V,1036,V,0,E,0,E,165,V,655,V,6.7,V,20.5,V,40.3,V,6.7,V,20.6,V,40.3,V,7.3,V,20.8,V,40.3,V,5.9,V,20.4,V,40.2,V,1.0,V,1.3,V,2.1,V,1.0,V,1.3,V,2.1,V,1.0,V,1.3,V,2.1,V,1.0,V,1.3,V,2.1,V,39.7,V,,
2016-02-15,6.1,V,13.0,V,1.5,V,4.8,V,1036,E,0,E,0,E,160,V,650,V,7.0,V,20.7,V,40.3,V,6.8,V,20.7,V,40.3,V,7.2,V,20.9,V,40.3,V,6.1,V,20.5,V,40.3,V,1.0,V,1.3,V,2.1,V,1.0,V,1.3,V,2.1,V,1.0,V,1.3,V,2.0,V,1.0,V,1.3,V,2.1,V,40.6,V,,
2016-02-16,5.8,V,16.2,V,0.1,V,1.5,V,1036,E,0,E,0,E,157,V,645,V,6.7,V,20.8,V,40.3,V,6.9,V,20.8,E,40.3,V,7.4,V,21.0,V,40.3,V,6.4,V,20.6,V,40.3,V,1.0,V,1.2,V,2.0,V,1.0,V,1.3,V,2.0,V,1.0,V,1.2,V,2.0,V,1.0,V,1.3,V,2.0,V,41.0,V,,
2016-02-17,3.8,V,8.7,V,-1.9,V,3.3,V,1036,E,30,E,30,E,152,V,632,V,7.2,V,20.8,V,40.3,V,7.0,V,20.8,V,40.3,V,7.3,V,21.0,V,40.3,V,6.4,V,20.7,V,40.3,V,1.0,V,1.2,V,2.0,V,1.0,V,1.2,V,2.0,V,1.0,V,1.2,V,2.0,V,1.0,V,1.2,V,2.0,V,41.5,V,100.0,E
2016-02-18,-2.0,V,-0.4,V,-3.1,V,-1.7,V,1067,E,46,E,46,E,168,V,663,V,6.5,V,21.1,V,40.3,V,7.0,V,20.9,V,40.3,V,7.3,V,21.1,V,40.3,V,6.5,V,20.6,V,40.3,V,1.0,V,1.2,V,2.0,V,1.0,V,1.2,V,2.0,V,1.0,V,1.2,V,2.0,V,1.0,V,1.2,V,2.0,V,39.5,V,100.0,E
2016-02-19,-1.1,V,0.6,V,-3.6,V,-2.3,V,1113,E,5,E,8,E,206,V,709,V,6.6,V,20.6,V,40.3,V,6.9,V,20.7,V,40.3,V,7.4,V,20.8,V,40.3,V,6.5,V,20.5,V,40.3,V,1.0,V,1.2,V,2.0,V,1.0,V,1.2,V,2.0,V,0.9,V,1.2,V,2.0,V,1.0,V,1.2,V,2.0,V,34.4,V,150.0,E
2016-02-20,0.8,V,6.2,V,-3.3,V,0.6,V,1118,E,0,E,8,E,201,V,716,V,7.3,V,20.5,V,40.3,V,7.1,V,20.6,V,40.3,V,7.5,V,20.8,V,40.3,V,6.5,V,20.4,V,40.3,V,0.9,V,1.2,V,1.9,V,0.9,V,1.2,V,2.0,V,0.9,V,1.2,V,1.9,V,0.9,V,1.2,V,2.0,V,35.7,V,,
2016-02-21,0.8,V,10.8,V,-6.3,V,-2.4,V,1118,V,0,V,3,V,193,V,724,V,6.9,V,20.7,V,40.3,V,7.1,V,20.6,V,40.3,V,7.4,V,20.7,V,40.3,V,6.7,V,20.3,V,40.3,V,0.9,V,1.2,V,1.9,V,0.9,V,1.2,V,1.9,V,0.9,V,1.2,V,1.9,V,0.9,V,1.2,V,1.9,V,37.5,V,,
2016-02-22,1.8,V,10.0,V,-4.5,V,-0.2,V,1118,V,0,V,0,V,188,V,726,V,7.1,V,20.4,V,40.3,V,7.1,V,20.5,V,40.3,V,7.4,V,20.7,V,40.3,V,6.8,V,20.4,V,40.3,V,0.9,V,1.2,V,1.9,V,0.9,V,1.2,V,1.9,V,0.9,V,1.1,V,1.9,V,0.9,V,1.2,V,1.9,V,38.6,V,,
2016-02-23,4.2,V,13.4,V,-1.7,V,1.5,V,1118,V,0,V,0,V,183,V,726,V,6.9,V,20.5,V,40.3,V,7.1,V,20.5,V,40.3,V,7.3,V,20.7,V,40.3,V,6.8,V,20.3,V,40.3,V,0.9,V,1.2,V,1.9,V,0.9,V,1.2,V,1.9,V,0.9,V,1.1,V,1.8,V,0.9,V,1.2,V,1.9,V,39.7,V,,
2016-02-24,4.1,V,12.2,V,-1.1,V,0.8,V,1118,V,0,E,0,E,180,V,726,E,7.3,V,20.6,V,40.3,V,7.1,V,20.5,V,40.3,V,7.3,V,20.7,V,40.3,V,6.9,V,20.4,V,40.3,V,0.9,V,1.1,V,1.8,V,0.9,V,1.2,V,1.9,V,0.9,V,1.1,V,1.8,V,0.9,V,1.2,V,1.9,V,40.3,E,,
2016-02-25,4.9,V,13.9,V,-0.7,V,-0.2,V,1118,E,0,E,0,E,175,V,724,E,7.1,V,20.7,V,40.3,V,7.2,V,20.6,V,40.3,V,7.4,V,20.8,V,40.3,V,6.9,V,20.5,V,40.3,V,0.9,V,1.1,V,1.8,V,0.9,V,1.1,V,1.8,V,0.9,V,1.1,V,1.8,V,0.9,V,1.1,V,1.8,V,41.3,E,,
2016-02-26,5.5,V,12.9,V,0.4,V,1.2,V,1118,V,0,V,0,V,173,V,719,V,7.4,V,20.7,V,40.3,V,7.2,V,20.7,V,40.3,V,7.4,V,20.9,V,40.3,V,6.9,V,20.6,V,40.3,V,0.9,V,1.1,V,1.8,V,0.9,V,1.1,V,1.8,V,0.9,V,1.1,V,1.8,V,0.9,V,1.1,V,1.8,V,41.6,V,,
2016-02-27,4.9,V,10.5,V,-0.4,V,4.8,V,1118,V,0,V,0,V,168,V,714,E,7.1,V,20.7,V,40.3,V,7.2,V,20.7,V,40.3,V,7.5,V,20.9,V,40.3,V,6.9,V,20.6,V,40.3,V,0.9,V,1.1,V,1.8,V,0.9,V,1.1,V,1.8,V,0.9,V,1.1,V,1.8,V,0.9,V,1.1,V,1.8,V,42.6,E,,
2016-02-28,3.4,V,10.7,V,-1.2,V,-0.4,V,1118,V,0,V,0,V,165,V,709,V,7.4,V,20.8,V,40.3,V,7.2,V,20.7,V,40.3,V,7.4,V,20.9,V,40.3,V,7.0,V,20.6,V,40.3,V,0.9,V,1.1,V,1.8,V,0.9,V,1.1,V,1.8,V,0.9,V,1.1,V,1.8,V,0.9,V,1.1,V,1.8,V,42.9,V,,
2016-02-29,3.7,V,10.2,V,-2.0,V,-0.3,V,1118,V,0,E,0,E,165,V,706,V,7.0,V,21.0,V,40.3,V,7.2,E,20.8,V,40.3,V,7.4,V,21.0,V,40.3,V,6.9,V,20.6,V,40.3,V,0.9,V,1.1,V,1.8,V,0.9,V,1.1,V,1.8,V,0.9,V,1.1,V,1.7,V,0.9,V,1.1,V,1.8,V,42.8,V,,
2016-03-01,5.1,V,10.1,V,0.9,V,2.3,V,1118,E,0,E,0,E,160,V,701,V,7.3,V,20.8,V,40.3,V,7.3,V,20.9,V,40.3,V,7.6,V,21.1,V,40.3,V,7.1,V,20.8,V,40.3,V,0.9,V,1.1,V,1.7,V,0.9,V,1.1,V,1.8,V,0.9,V,1.1,V,1.7,V,0.9,V,1.1,V,1.8,V,43.8,V,,
2016-03-02,6.2,V,12.1,V,0.6,V,3.7,V,1118,E,0,E,0,E,160,V,693,V,7.2,V,21.1,V,40.3,V,7.3,V,21.0,V,40.3,V,7.6,V,21.2,V,40.4,V,7.0,V,20.9,V,40.3,V,0.9,V,1.1,V,1.7,V,0.9,V,1.1,V,1.7,V,0.9,V,1.0,V,1.7,V,0.9,V,1.1,V,1.7,V,43.3,V,,
2016-03-03,5.8,V,8.9,V,3.6,V,5.5,V,1118,V,0,V,0,V,155,V,681,V,7.4,V,21.1,V,40.4,V,7.4,V,21.0,V,40.4,V,7.7,V,21.2,V,40.4,V,7.1,V,20.9,V,40.3,V,0.9,V,1.0,V,1.7,V,0.9,V,1.0,V,1.7,V,0.9,V,1.0,V,1.7,V,0.9,V,1.0,V,1.7,V,43.9,V,,
2016-03-04,3.9,V,7.6,V,1.8,V,3.9,V,1118,V,33,V,33,V,152,V,668,V,7.1,V,21.2,V,40.4,V,7.4,V,21.3,V,40.4,V,8.0,V,22.3,V,40.6,V,7.1,V,20.9,V,40.3,V,0.9,V,1.0,V,1.7,V,0.9,V,1.0,V,1.7,V,0.8,V,1.0,V,1.6,V,0.9,V,1.0,V,1.7,V,43.8,V,38.0,V
2016-03-05,3.1,V,4.7,V,1.7,V,1.8,V,1151,V,66,V,66,V,160,E,681,V,8.6,V,22.2,V,40.6,V,10.6,V,24.9,V,40.6,V,11.9,V,33.7,V,40.6,V,8.2,V,22.2,V,40.6,V,0.6,V,0.8,V,1.5,V,0.8,V,1.0,V,1.6,V,0.6,V,0.7,V,1.4,V,0.8,V,1.0,V,1.6,V,42.5,E,31.0,E
2016-03-06,-0.9,V,2.0,V,-2.3,V,2.0,V,1217,V,53,E,53,E,163,E,701,E,11.6,V,28.9,V,40.6,V,10.6,V,25.6,V,40.6,V,11.8,V,28.9,V,40.6,V,9.5,V,23.9,V,40.6,V,0.7,V,0.7,V,1.4,V,0.7,V,0.7,V,1.4,V,0.6,V,0.7,V,1.3,V,0.6,V,0.7,V,1.4,V,43.1,E,100.0,E
2016-03-07,-0.5,V,1.8,V,-1.8,V,-1.5,V,1270,E,36,E,36,E,226,V,754,E,9.4,V,23.7,V,40.6,V,9.3,V,23.1,V,40.5,V,9.7,V,23.8,V,40.6,V,8.9,V,22.5,V,40.5,V,0.7,V,0.8,V,1.4,V,0.7,V,0.8,V,1.5,V,0.7,V,0.7,V,1.4,V,0.7,V,0.7,V,1.4,V,33.4,E,100.0,E
2016-03-08,-1.4,V,2.4,V,-6.3,V,-1.7,V,1306,V,5,V,5,V,234,V,790,E,9.3,V,22.5,V,40.5,V,8.9,V,22.3,V,40.5,V,9.4,V,22.6,V,40.5,V,8.4,V,22.0,V,40.4,V,0.7,V,0.8,V,1.5,V,0.8,V,0.8,V,1.5,V,0.7,V,0.8,V,1.5,V,0.7,V,0.8,V,1.5,V,33.8,E,100.0,E
2016-03-09,2.8,V,4.7,V,0.0,V,0.1,V,1311,V,8,V,8,V,224,V,795,E,8.7,V,22.0,V,40.4,V,10.8,E,22.6,V,40.5,V,14.3,V,23.5,V,40.6,V,8.6,V,21.8,V,40.4,V,0.7,V,0.8,V,1.4,V,0.8,V,0.9,V,1.5,V,0.5,V,0.6,V,1.3,V,0.8,V,0.8,V,1.5,V,35.6,E,100.0,E
2016-03-10,3.2,V,5.1,V,1.7,V,3.5,V,1318,V,15,V,15,V,211,V,803,E,11.1,V,23.0,V,40.6,V,10.9,V,22.9,V,40.5,V,11.8,V,23.1,V,40.6,V,10.3,V,22.7,V,40.5,V,0.6,V,0.7,V,1.3,V,0.6,V,0.8,V,1.4,V,0.5,V,0.7,V,1.3,V,0.5,V,0.7,V,1.3,V,38.1,E,100.0,E
2016-03-11,1.1,V,4.5,V,-2.1,V,2.0,V,1334,V,23,V,23,V,208,V,818,E,11.2,V,23.1,V,40.6,V,11.3,V,23.1,V,40.6,V,11.7,V,23.3,V,40.6,V,10.5,V,22.8,V,40.5,V,0.7,V,0.8,V,1.4,V,0.7,V,0.8,V,1.4,V,0.6,V,0.8,V,1.4,V,0.6,V,0.8,V,1.4,V,39.3,E,100.0,E
2016-03-12,-0.4,V,1.0,V,-1.3,V,-1.2,V,1356,V,33,V,33,V,213,V,841,E,11.0,V,22.8,V,40.5,V,10.4,V,22.5,V,40.5,V,11.1,V,22.8,V,40.5,V,9.8,V,22.2,V,40.5,V,0.7,V,0.8,V,1.4,V,0.7,V,0.8,V,1.4,V,0.7,V,0.8,V,1.4,V,0.7,V,0.8,V,1.4,V,39.4,E,100.0,E
2016-03-13,0.6,V,2.1,V,0.1,V,0.3,V,1389,V,71,E,71,E,241,V,874,E,10.2,V,22.4,V,40.5,V,9.7,V,22.1,V,40.5,V,10.3,V,22.4,V,40.5,V,9.4,V,21.8,V,40.4,V,0.7,V,0.8,V,1.4,V,0.7,V,0.9,V,1.4,V,0.7,V,0.8,V,1.4,V,0.7,V,0.8,V,1.4,V,36.2,E,100.0,E
2016-03-14,0.4,V,3.0,V,-3.9,V,2.1,V,1460,E,18,E,18,E,290,V,945,E,10.2,V,21.9,V,40.4,V,9.6,V,21.8,V,40.4,V,10.2,V,22.0,V,40.4,V,9.1,V,21.6,V,40.4,V,0.7,V,0.9,V,1.4,V,0.7,V,0.9,V,1.4,V,0.7,V,0.8,V,1.4,V,0.7,V,0.9,V,1.4,V,32.6,E,100.0,E
2016-03-15,0.3,V,7.0,V,-5.9,V,-3.9,V,1478,V,3,V,3,V,274,V,963,E,9.8,V,21.8,V,40.4,V,10.3,V,21.6,V,40.4,V,13.7,V,21.8,V,40.4,V,9.0,V,21.5,V,40.4,V,0.7,V,0.9,V,1.4,V,0.7,V,0.9,V,1.5,V,0.7,V,0.9,V,1.4,V,0.7,V,0.9,V,1.4,V,35.1,E,100.0,E
2016-03-16,3.2,V,11.8,V,-2.3,V,0.3,V,1481,V,3,V,3,V,264,V,965,V,12.0,V,21.7,V,40.4,V,11.3,V,21.7,V,40.4,V,12.1,V,21.8,V,40.4,V,10.5,V,21.5,V,40.4,V,0.7,V,0.9,V,1.4,V,0.7,V,0.9,V,1.4,V,0.7,V,0.9,V,1.4,V,0.7,V,0.9,V,1.4,V,36.5,V,0.0,V
2016-03-17,5.1,V,14.3,V,-0.5,V,0.7,V,1483,V,3,V,3,V,249,V,963,V,11.5,V,21.8,V,40.4,V,11.0,V,21.7,V,40.4,V,11.8,V,21.9,V,40.4,V,10.4,V,21.6,V,40.4,V,0.7,V,0.9,V,1.4,V,0.7,V,0.9,V,1.4,V,0.7,V,0.9,V,1.4,V,0.7,V,0.9,V,1.4,V,38.7,V,0.0,V
2016-03-18,5.4,V,13.8,V,-0.4,V,0.7,V,1486,V,0,V,0,V,236,V,960,V,11.1,V,21.9,V,40.4,V,11.1,V,21.9,V,40.4,V,11.7,V,22.1,V,40.4,V,10.6,V,21.7,V,40.4,V,0.7,V,0.9,V,1.4,V,0.7,V,0.9,V,1.4,V,0.7,V,0.9,V,1.4,V,0.7,V,0.9,V,1.4,V,40.6,V,,
2016-03-19,5.4,V,13.0,V,-0.3,V,1.5,V,1486,V,0,V,0,V,224,V,950,V,12.0,V,22.1,V,40.4,V,11.2,V,22.0,V,40.4,V,12.0,V,22.2,V,40.5,V,10.7,V,21.8,V,40.4,V,0.7,V,0.9,V,1.4,V,0.7,V,0.9,V,1.4,V,0.7,V,0.8,V,1.4,V,0.7,V,0.9,V,1.4,V,42.5,V,,
2016-03-20,4.8,V,7.1,V,2.5,V,3.6,V,1486,V,23,V,23,V,216,V,940,V,11.7,V,22.1,V,40.5,V,11.8,E,22.3,V,40.5,V,15.9,V,23.2,V,40.6,V,10.7,V,22.0,V,40.4,V,0.7,V,0.9,V,1.4,V,0.7,V,0.9,V,1.4,V,0.7,V,0.8,V,1.4,V,0.7,V,0.9,V,1.4,V,43.5,V,33.0,V
2016-03-21,0.5,V,3.6,V,-1.8,V,3.5,V,1509,V,33,V,33,V,213,V,947,V,15.6,V,23.5,V,40.6,V,13.6,V,23.7,V,40.6,V,16.1,V,24.2,V,40.6,V,12.0,V,23.1,V,40.5,V,0.7,V,0.8,V,1.3,V,0.7,V,0.8,V,1.4,V,0.7,V,0.8,V,1.3,V,0.7,V,0.8,V,1.4,V,44.4,V,77.0,E
2016-03-22,-1.6,V,1.5,V,-4.0,V,-1.8,V,1542,V,13,V,13,V,236,V,973,E,12.0,V,23.0,V,40.5,V,11.4,V,22.7,V,40.5,V,12.0,V,23.1,V,40.5,V,10.8,V,22.4,V,40.5,V,0.7,V,0.8,V,1.3,V,0.7,V,0.8,V,1.3,V,0.7,V,0.8,V,1.3,V,0.7,V,0.8,V,1.3,V,41.2,E,0.0,E
2016-03-23,1.2,V,7.6,V,-3.7,V,-3.5,V,1554,V,0,V,0,V,234,V,970,E,11.6,V,22.4,V,40.5,V,11.1,V,22.2,V,40.5,V,11.7,V,22.4,V,40.5,V,10.6,V,21.9,V,40.5,V,0.7,V,0.8,V,1.3,V,0.7,V,0.8,V,1.3,V,0.7,V,0.8,V,1.3,V,0.7,V,0.8,V,1.3,V,41.5,E,,
2016-03-24,3.7,V,10.1,V,-2.2,V,0.0,V,1554,V,0,E,0,E,226,V,963,V,11.3,V,22.3,V,40.5,V,11.1,V,22.1,V,40.5,V,11.7,V,22.3,V,40.5,V,10.6,V,21.9,V,40.5,V,0.7,V,0.8,V,1.3,V,0.7,V,0.8,V,1.3,V,0.7,V,0.8,V,1.3,V,0.7,V,0.8,V,1.3,V,42.6,V,,
2016-03-25,4.3,V,11.5,V,-0.9,V,0.3,V,1554,E,0,E,0,E,216,V,955,V,11.0,V,22.1,V,40.5,V,11.2,V,22.2,V,40.5,V,11.8,V,22.4,V,40.5,V,10.7,V,22.1,V,40.5,V,0.7,V,0.8,V,1.3,V,0.7,V,0.8,V,1.3,V,0.7,V,0.8,V,1.3,V,0.7,V,0.8,V,1.3,V,44.2,V,,
2016-03-26,4.7,V,12.7,V,-0.6,V,0.3,V,1554,V,0,V,0,V,213,V,947,V,11.4,V,22.3,V,40.5,V,11.1,V,22.4,V,40.5,V,11.7,V,22.5,V,40.5,V,10.8,V,22.2,V,40.5,V,0.7,V,0.8,V,1.3,V,0.7,V,0.8,V,1.3,V,0.7,V,0.8,V,1.3,V,0.7,V,0.8,V,1.3,V,44.4,V,,
2016-03-27,4.5,V,9.9,V,1.0,V,1.4,V,1554,V,3,V,3,V,208,V,932,V,11.2,V,22.3,V,40.5,V,11.1,V,22.4,V,40.5,V,11.5,V,22.6,V,40.5,V,10.7,V,22.2,V,40.5,V,0.7,V,0.8,V,1.3,V,0.7,V,0.8,V,1.3,V,0.7,V,0.8,V,1.3,V,0.7,V,0.8,V,1.3,V,44.8,V,0.0,V
2016-03-28,-1.1,V,2.0,V,-3.2,V,1.8,V,1557,V,23,V,23,V,203,V,912,V,11.5,V,22.6,V,40.5,V,11.1,V,22.5,V,40.5,V,11.5,V,22.7,V,40.5,V,10.7,V,22.3,V,40.5,V,0.7,V,0.8,V,1.3,V,0.7,V,0.8,V,1.3,V,0.7,V,0.8,V,1.3,V,0.7,V,0.8,V,1.3,V,44.9,V,100.0,V
2016-03-29,-1.3,V,3.4,V,-4.9,V,-2.6,V,1580,V,3,E,3,E,224,V,935,V,11.3,V,22.4,V,40.5,V,10.9,V,22.2,V,40.5,V,11.3,V,22.4,V,40.5,V,10.4,V,21.9,V,40.5,V,0.7,V,0.8,V,1.3,V,0.7,V,0.8,V,1.3,V,0.7,V,0.8,V,1.3,V,0.7,V,0.8,V,1.3,V,41.8,V,100.0,E
2016-03-30,2.0,V,7.4,V,-3.1,V,-1.1,V,1582,E,0,E,0,E,208,V,937,E,11.1,V,22.1,V,40.5,V,10.7,V,21.9,V,40.5,V,11.1,V,22.1,V,40.5,V,10.3,V,21.8,V,40.4,V,0.7,V,0.8,V,1.3,V,0.7,V,0.8,V,1.3,V,0.7,V,0.8,V,1.3,V,0.7,V,0.8,V,1.3,V,45.0,E,,
2016-03-31,4.6,V,12.3,V,-1.5,V,1.6,V,1582,E,0,E,0,E,206,V,935,E,10.1,V,21.9,V,40.4,V,10.5,V,21.9,V,40.4,V,11.0,V,22.2,V,40.5,V,10.1,V,21.7,V,40.4,V,0.7,V,0.8,V,1.3,V,0.7,V,0.8,V,1.3,V,0.7,V,0.8,V,1.3,V,0.7,V,0.8,V,1.3,V,45.4,E,,
2016-04-01,6.8,V,14.7,V,1.7,V,2.8,V,1582,E,0,E,0,E,201,V,917,V,10.4,V,22.1,V,40.5,V,10.8,V,22.3,V,40.5,V,11.5,V,22.6,V,40.5,V,10.4,V,22.0,V,40.5,V,0.7,V,0.8,V,1.3,V,0.7,V,0.8,V,1.3,V,0.7,V,0.8,V,1.3,V,0.7,V,0.8,V,1.3,V,45.7,V,,
2016-04-02,6.4,V,13.3,V,1.1,V,2.4,V,1582,V,0,V,0,V,196,V,892,V,11.2,V,22.6,V,40.5,V,11.4,V,22.7,V,40.5,V,12.1,V,23.0,V,40.6,V,11.0,V,22.4,V,40.5,V,0.7,V,0.7,V,1.3,V,0.7,V,0.8,V,1.3,V,0.6,V,0.7,V,1.2,V,0.7,V,0.8,V,1.3,V,45.6,V,,
2016-04-03,6.3,V,12.9,V,0.5,V,2.6,V,1582,V,0,V,0,V,188,V,856,V,11.9,V,23.0,V,40.6,V,11.7,V,22.9,V,40.6,V,12.2,V,23.1,V,40.6,V,11.2,V,22.7,V,40.6,V,0.6,V,0.7,V,1.2,V,0.7,V,0.7,V,1.2,V,0.6,V,0.7,V,1.2,V,0.6,V,0.7,V,1.2,V,45.5,V,,
2016-04-04,6.2,V,12.9,V,1.5,V,2.7,V,1582,V,0,V,0,V,185,V,826,V,12.1,V,23.0,V,40.6,V,12.6,V,23.0,V,40.6,V,16.3,V,23.2,V,40.7,V,11.4,V,22.8,V,40.6,V,0.6,V,0.7,V,1.2,V,0.6,V,0.7,V,1.2,V,0.6,V,0.6,V,1.2,V,0.6,V,0.7,V,1.2,V,44.5,V,,
2016-04-05,7.6,V,14.1,V,0.9,V,2.2,V,1582,V,0,V,0,V,180,V,798,V,13.0,V,23.2,V,40.7,V,13.2,V,23.1,V,40.7,V,16.3,V,23.3,V,40.7,V,12.1,V,22.8,V,40.6,V,0.6,V,0.6,V,1.2,V,0.6,V,0.6,V,1.2,V,0.6,V,0.6,V,1.1,V,0.6,V,0.6,V,1.2,V,44.2,V,,
2016-04-06,9.7,V,17.4,V,4.2,V,6.9,V,1582,V,0,V,0,V,175,V,772,V,13.2,V,23.2,V,40.7,V,12.8,V,23.1,V,40.6,V,13.2,V,23.4,V,40.7,V,12.3,V,22.9,V,40.6,V,1.6,V,0.6,V,1.1,V,4.1,V,0.8,V,1.1,V,0.6,V,0.5,V,1.1,V,0.6,V,0.6,V,1.1,V,44.1,V,,
2016-04-07,9.0,V,17.3,V,4.2,V,9.1,V,1582,V,0,V,0,V,165,V,742,V,12.8,V,23.3,V,40.7,V,,,,,,,,,,,,,,,,,,,,,,,,,,,,,,,,,,,,,3.8,V,0.9,V,1.1,V,44.9,V,,
2016-04-08,7.4,V,15.3,V,3.1,V,4.8,V,1582,V,0,V,0,V,160,V,716,V,12.4,V,23.2,V,40.7,V,11.8,V,23.1,V,40.6,V,12.4,V,23.2,V,40.7,V,11.3,V,22.9,V,40.6,V,5.1,V,2.6,V,1.4,V,6.5,V,3.1,V,1.6,V,3.7,V,2.3,V,1.3,V,5.6,V,2.3,V,1.3,V,44.8,V,,
2016-04-09,4.7,V,7.4,V,2.4,V,3.2,V,1582,V,13,V,13,V,157,E,693,V,11.8,V,23.3,V,40.6,V,11.9,V,23.1,V,40.6,V,15.7,V,23.3,V,40.7,V,11.3,V,22.9,V,40.6,V,4.7,V,3.1,V,1.8,V,5.7,V,3.2,V,2.0,V,4.2,V,3.0,V,1.6,V,5.7,V,3.1,V,1.6,V,44.0,E,0.0,V
2016-04-10,4.3,V,7.0,V,2.3,V,2.5,V,1595,V,5,V,5,V,155,V,691,V,17.1,V,23.3,V,40.7,V,15.6,V,23.3,V,40.7,V,17.6,V,23.5,V,40.7,V,13.8,V,23.1,V,40.6,V,3.8,V,2.9,V,2.1,V,4.5,V,3.1,V,2.2,V,3.2,V,2.8,V,2.0,V,4.2,V,3.1,V,2.0,V,44.6,V,0.0,V
2016-04-11,5.7,V,9.8,V,2.9,V,3.2,V,1600,V,3,V,3,V,152,V,676,V,13.8,V,23.2,V,40.6,V,13.1,V,23.1,V,40.6,V,13.8,V,23.3,V,40.6,V,12.5,V,22.9,V,40.6,V,4.5,V,3.0,V,2.3,V,5.8,V,3.3,V,2.3,V,3.5,V,2.9,V,2.2,V,4.3,V,3.0,V,2.2,V,44.3,V,0.0,V
2016-04-12,5.7,V,9.1,V,3.5,V,4.3,V,1603,V,0,V,0,V,140,V,655,V,13.2,V,23.1,V,40.6,V,12.6,V,23.1,V,40.6,V,13.2,V,23.3,V,40.6,V,12.0,V,22.9,V,40.6,V,4.9,V,3.4,V,2.4,V,5.3,V,3.5,V,2.5,V,4.3,V,3.3,V,2.3,V,5.3,V,3.4,V,2.3,V,46.9,V,,
2016-04-13,4.5,V,7.6,V,2.0,V,4.6,V,1603,V,0,E,0,E,142,V,640,V,12.1,V,23.2,V,40.6,V,12.3,V,23.1,V,40.6,V,12.9,V,23.3,V,40.6,V,11.8,V,22.9,V,40.6,V,4.9,V,3.5,V,2.6,V,6.6,V,3.8,V,2.6,V,3.8,V,3.3,V,2.5,V,4.9,V,3.5,V,2.5,V,45.0,V,,
2016-04-14,0.7,V,3.6,V,-1.3,V,2.2,V,1603,E,15,E,18,E,137,V,620,V,12.3,V,23.2,V,40.6,V,12.3,V,23.0,V,40.6,V,12.7,V,23.3,V,40.6,V,11.8,V,22.7,V,40.6,V,3.8,V,3.6,V,2.7,V,5.7,V,3.9,V,2.8,V,2.8,V,3.2,V,2.6,V,5.7,V,3.9,V,2.6,V,45.2,V,117.0,E
2016-04-15,2.3,V,7.8,V,-4.1,V,-1.1,V,1618,V,0,V,0,V,145,V,638,V,12.0,V,22.7,V,40.6,V,13.0,V,22.6,V,40.5,V,15.8,V,23.0,V,40.6,V,11.9,V,22.4,V,40.5,V,2.5,V,2.8,V,2.8,V,2.8,V,3.2,V,2.8,V,2.1,V,2.4,V,2.8,V,2.8,V,3.2,V,2.8,V,44.0,V,,
2016-04-16,7.2,V,13.7,V,2.4,V,3.0,V,1618,V,0,V,0,V,142,V,635,E,14.3,V,22.3,V,40.5,V,13.1,V,22.4,V,40.5,V,14.3,V,22.7,V,40.5,V,12.5,V,22.1,V,40.5,V,3.2,V,2.5,V,2.7,V,6.2,V,3.1,V,2.8,V,1.8,V,2.3,V,2.6,V,2.6,V,2.5,V,2.8,V,44.6,E,,
2016-04-17,8.9,V,16.1,V,3.4,V,7.2,V,1618,V,0,E,0,E,135,V,615,V,12.7,V,22.7,V,40.5,V,12.6,E,22.7,V,40.5,V,13.1,V,22.9,V,40.5,V,12.0,V,22.5,V,40.5,V,5.3,V,3.4,V,2.6,V,8.0,V,4.0,V,2.7,V,3.7,V,3.2,V,2.6,V,5.6,V,3.2,V,2.6,V,45.7,V,,
2016-04-18,9.0,V,17.5,V,2.5,V,4.0,V,1618,E,0,E,0,E,130,V,587,V,12.2,V,22.9,V,40.6,V,12.4,V,22.8,V,40.5,V,12.9,V,23.2,V,40.6,V,11.9,V,22.5,V,40.5,V,6.3,V,4.2,V,2.8,V,8.8,V,4.7,V,2.9,V,4.5,V,4.0,V,2.7,V,7.0,V,4.1,V,2.7,V,45.3,V,,
2016-04-19,9.0,V,17.5,V,2.6,V,3.9,V,1618,V,3,V,3,V,119,V,551,V,12.2,V,23.0,V,40.6,V,12.3,V,23.0,V,40.6,V,12.9,V,23.3,V,40.7,V,11.8,V,22.8,V,40.6,V,7.1,V,4.9,V,3.1,V,9.2,V,5.3,V,3.2,V,5.5,V,4.7,V,2.9,V,7.9,V,4.8,V,2.9,V,46.2,V,0.0,V
2016-04-20,7.9,V,14.4,V,2.5,V,3.9,V,1621,V,0,V,0,V,112,V,518,V,12.7,V,23.2,V,40.7,V,12.3,V,23.1,V,40.6,V,12.7,V,23.4,V,40.7,V,11.7,V,22.7,V,40.6,V,7.3,V,5.3,V,3.4,V,9.1,V,5.6,V,3.5,V,5.7,V,5.1,V,3.2,V,8.2,V,5.4,V,3.2,V,46.4,V,,
2016-04-21,7.6,V,13.5,V,1.9,V,3.4,V,1621,V,0,V,0,V,107,V,483,V,12.5,V,23.4,V,40.7,V,12.3,V,23.2,V,40.6,V,12.7,V,23.4,V,40.7,V,11.8,V,22.9,V,40.6,V,7.1,V,5.5,V,3.7,V,8.4,V,5.7,V,3.8,V,5.7,V,5.3,V,3.5,V,8.2,V,5.6,V,3.5,V,45.2,V,,
2016-04-22,1.9,V,6.4,V,-0.7,V,6.2,V,1621,V,43,V,48,V,91,V,457,V,12.4,V,23.0,V,40.6,V,12.6,V,23.0,V,40.6,V,13.3,V,23.2,V,40.6,V,12.0,V,22.8,V,40.6,V,5.9,V,5.4,V,3.9,V,7.8,V,5.7,V,4.0,V,4.2,V,4.9,V,3.8,V,7.8,V,5.6,V,3.8,V,50.0,V,112.0,V
2016-04-23,2.6,V,6.2,V,-0.5,V,-0.2,V,1664,V,13,V,13,V,142,V,505,V,12.5,V,22.9,V,40.6,V,13.3,V,23.0,V,40.6,V,14.1,V,23.5,V,40.7,V,12.5,V,22.5,V,40.5,V,3.3,V,4.2,V,4.0,V,4.2,V,4.8,V,4.0,V,2.6,V,3.5,V,4.0,V,4.2,V,4.8,V,4.0,V,35.5,V,20.0,V
2016-04-24,3.2,V,7.9,V,0.1,V,1.6,V,1676,V,0,V,0,V,119,V,508,V,13.7,V,23.1,V,40.6,V,13.6,V,22.9,V,40.6,V,13.9,V,23.2,V,40.6,V,13.3,V,22.7,V,40.5,V,2.4,V,3.2,V,3.9,V,2.6,V,3.5,V,4.0,V,2.3,V,3.0,V,3.7,V,2.6,V,3.5,V,4.0,V,42.6,V,,
2016-04-25,1.2,V,5.3,V,-3.4,V,0.6,V,1676,V,0,V,0,V,114,V,508,V,13.6,V,22.8,V,40.5,V,13.3,V,22.6,V,40.5,V,13.7,V,22.9,V,40.6,V,12.7,V,22.3,V,40.5,V,2.1,V,2.8,V,3.6,V,2.3,V,3.0,V,3.7,V,2.0,V,2.6,V,3.5,V,2.3,V,3.0,V,3.7,V,44.4,V,,
2016-04-26,3.3,V,9.0,V,-2.2,V,-0.6,V,1676,V,0,V,0,V,114,V,508,E,13.3,V,22.3,V,40.5,V,13.2,V,22.3,V,40.5,V,13.7,V,22.5,V,40.5,V,12.7,V,22.1,V,40.5,V,1.9,V,2.5,V,3.3,V,2.0,V,2.6,V,3.4,V,1.8,V,2.4,V,3.2,V,2.0,V,2.6,V,3.4,V,44.4,E,,
2016-04-27,3.1,V,7.8,V,1.1,V,1.4,V,1676,V,3,V,3,V,109,V,508,E,13.9,V,22.3,V,40.5,V,14.2,V,22.3,V,40.5,V,15.4,V,22.4,V,40.5,V,13.1,V,22.0,V,40.5,V,1.7,V,2.3,V,3.1,V,1.8,V,2.4,V,3.2,V,1.6,V,2.2,V,3.1,V,1.8,V,2.4,V,3.2,V,46.5,E,0.0,E
2016-04-28,4.8,V,10.3,V,0.9,V,2.7,V,1679,V,0,V,0,V,107,E,508,V,14.8,V,22.3,V,40.5,V,17.9,V,22.3,V,40.5,V,26.4,V,22.6,V,40.5,V,13.8,V,22.0,V,40.5,V,1.6,V,2.1,V,3.0,V,1.6,V,2.2,V,3.1,V,1.5,V,1.9,V,2.9,V,1.6,V,2.2,V,3.1,V,47.6,E,,
2016-04-29,4.9,V,10.7,V,0.3,V,0.9,V,1679,V,8,V,8,V,104,V,483,V,18.8,V,22.4,V,40.5,V,16.8,V,22.5,V,40.5,V,18.8,V,22.6,V,40.5,V,16.0,V,22.3,V,40.5,V,2.1,V,1.9,V,2.8,V,3.4,V,2.1,V,2.9,V,1.5,V,1.8,V,2.7,V,1.6,V,1.9,V,2.9,V,46.3,V,0.0,V
2016-04-30,4.8,V,9.2,V,1.1,V,1.3,V,1687,V,0,V,0,V,97,V,462,V,16.4,V,22.5,V,40.5,V,15.5,V,22.5,V,40.5,V,16.4,V,22.8,V,40.5,V,14.8,V,22.4,V,40.5,V,3.1,V,2.3,V,2.7,V,4.8,V,2.6,V,2.7,V,2.0,V,2.1,V,2.7,V,3.1,V,2.1,V,2.7,V,47.9,V,,
2016-05-01,7.0,V,13.6,V,2.1,V,6.3,V,1687,V,0,V,0,V,89,V,439,V,14.9,V,22.8,V,40.5,V,14.8,V,22.6,V,40.5,V,15.2,V,23.0,V,40.5,V,14.3,V,22.4,V,40.5,V,4.5,V,2.9,V,2.8,V,6.9,V,3.5,V,2.8,V,3.1,V,2.7,V,2.7,V,4.4,V,2.7,V,2.7,V,49.4,V,,
2016-05-02,6.9,V,13.5,V,1.1,V,2.1,V,1687,V,0,V,0,V,81,V,401,V,14.7,V,22.9,V,40.6,V,14.5,V,22.7,V,40.5,V,14.9,V,22.9,V,40.6,V,14.0,V,22.6,V,40.5,V,5.5,V,3.8,V,2.9,V,7.2,V,4.1,V,3.0,V,4.1,V,3.6,V,2.8,V,6.3,V,3.6,V,2.8,V,49.4,V,,
2016-05-03,6.9,V,14.3,V,2.5,V,3.3,V,1687,V,3,V,3,V,79,V,373,V,14.0,V,22.9,V,40.5,V,14.2,V,22.8,V,40.5,V,14.6,V,23.1,V,40.5,V,13.8,V,22.6,V,40.5,V,5.7,V,4.3,V,3.1,V,6.6,V,4.4,V,3.2,V,4.9,V,4.2,V,3.0,V,6.6,V,4.2,V,3.0,V,47.4,V,0.0,V
2016-05-04,6.9,V,14.2,V,2.8,V,3.3,V,1689,V,8,V,8,V,71,V,353,V,14.2,V,23.1,V,40.5,V,14.1,V,22.8,V,40.5,V,14.6,V,23.1,V,40.6,V,13.6,V,22.6,V,40.5,V,5.3,V,4.3,V,3.4,V,6.1,V,4.4,V,3.4,V,4.5,V,4.2,V,3.2,V,5.7,V,4.4,V,3.2,V,49.6,V,0.0,V
2016-05-05,5.2,V,10.3,V,3.1,V,4.3,V,1697,V,5,V,5,V,71,V,338,V,14.3,V,23.0,V,40.6,V,14.1,V,22.9,V,40.5,V,14.5,V,23.1,V,40.6,V,13.8,V,22.7,V,40.5,V,5.1,V,4.3,V,3.5,V,5.7,V,4.5,V,3.6,V,4.7,V,4.2,V,3.4,V,5.7,V,4.4,V,3.4,V,47.5,V,0.0,V
2016-05-06,5.9,V,11.9,V,2.4,V,3.8,V,1702,V,5,V,5,V,69,V,325,V,14.1,V,23.0,V,40.5,V,14.4,V,23.0,V,40.5,V,14.9,V,23.3,V,40.6,V,13.9,V,22.9,V,40.5,V,5.0,V,4.2,V,3.6,V,6.5,V,4.4,V,3.6,V,4.1,V,4.0,V,3.6,V,4.8,V,4.3,V,3.6,V,47.4,V,0.0,V
2016-05-07,5.1,V,6.7,V,3.1,V,4.2,V,1707,V,10,V,10,V,56,V,292,V,14.9,V,23.3,V,40.6,V,14.7,V,23.2,V,40.6,V,15.5,V,23.4,V,40.6,V,14.1,V,22.9,V,40.5,V,5.5,V,4.6,V,3.7,V,6.1,V,4.6,V,3.7,V,5.1,V,4.5,V,3.6,V,6.1,V,4.5,V,3.6,V,52.3,V,0.0,V
2016-05-08,7.1,V,12.5,V,3.2,V,3.2,V,1717,V,0,E,0,E,53,V,277,V,15.2,V,23.3,V,40.6,V,15.3,V,23.2,V,40.6,V,15.6,V,23.4,V,40.6,V,14.9,V,23.0,V,40.5,V,5.6,V,4.6,V,3.8,V,6.9,V,4.9,V,3.8,V,4.6,V,4.4,V,3.7,V,5.4,V,4.6,V,3.7,V,51.9,V,,
2016-05-09,7.4,V,12.5,V,2.0,V,4.7,V,1717,E,0,E,0,E,48,V,246,V,14.9,V,23.2,V,40.6,V,15.0,V,23.2,V,40.6,V,15.3,V,23.4,V,40.6,V,14.6,V,22.9,V,40.5,V,6.3,V,4.9,V,3.9,V,7.7,V,5.2,V,3.9,V,5.3,V,4.8,V,3.8,V,6.6,V,4.9,V,3.8,V,51.1,V,,
2016-05-10,8.5,V,15.5,V,2.5,V,3.3,V,1717,E,0,E,0,E,43,V,203,V,14.7,V,23.2,V,40.6,V,14.6,V,23.1,V,40.5,V,15.2,V,23.4,V,40.6,V,14.0,V,23.0,V,40.5,V,6.6,V,5.2,V,4.0,V,8.8,V,5.5,V,4.1,V,5.1,V,5.0,V,4.0,V,7.1,V,5.3,V,4.0,V,47.1,V,,
2016-05-11,9.9,V,18.5,V,3.2,V,6.0,V,1717,E,0,E,0,E,33,V,168,V,14.6,V,23.0,V,40.5,V,14.3,V,22.9,V,40.5,V,14.9,V,23.2,V,40.6,V,13.7,V,22.7,V,40.5,V,7.3,V,5.6,V,4.2,V,9.4,V,5.9,V,4.2,V,5.7,V,5.3,V,4.1,V,8.1,V,5.6,V,4.1,V,50.8,V,,
2016-05-12,11.0,V,18.7,V,3.9,V,4.9,V,1717,V,0,E,0,E,25,V,124,V,14.4,V,23.0,V,40.5,V,14.2,V,22.9,V,40.5,V,14.7,V,23.1,V,40.5,V,13.8,V,22.7,V,40.5,V,8.0,V,6.0,V,4.4,V,10.0,V,6.4,V,4.4,V,6.5,V,5.8,V,4.2,V,8.7,V,5.9,V,4.2,V,49.0,V,,
2016-05-13,11.4,V,19.3,V,4.7,V,5.6,V,1717,E,0,E,0,E,13,V,69,V,14.1,V,23.1,V,40.5,V,14.1,V,22.9,V,40.5,V,14.4,V,23.1,V,40.5,V,13.7,V,22.6,V,40.5,V,8.5,V,6.4,V,4.6,V,10.3,V,6.7,V,4.7,V,7.1,V,6.2,V,4.5,V,9.2,V,6.4,V,4.5,V,54.0,V,,
2016-05-14,8.1,V,12.1,V,2.5,V,5.5,V,1717,E,0,E,0,E,3,V,15,V,13.9,V,22.8,V,40.5,V,13.9,V,22.8,V,40.5,V,14.5,V,23.0,V,40.5,V,13.5,V,22.6,V,40.5,V,8.2,V,6.7,V,4.8,V,9.6,V,6.9,V,4.9,V,7.3,V,6.5,V,4.7,V,9.6,V,6.8,V,4.7,V,,,,
2016-05-15,6.2,V,12.8,V,1.1,V,2.5,V,1717,E,0,E,0,E,0,V,0,E,14.0,V,23.0,V,40.5,V,14.0,V,22.7,V,40.5,V,14.4,V,23.0,V,40.5,V,13.5,V,22.4,V,40.5,V,6.9,V,6.3,V,5.0,V,7.9,V,6.6,V,5.0,V,6.0,V,6.0,V,4.9,V,7.9,V,6.6,V,4.9,V,,,,
2016-05-16,7.9,V,13.8,V,2.0,V,3.6,V,1717,E,0,E,0,E,0,V,0,V,14.2,V,22.7,V,40.5,V,13.9,V,22.6,V,40.5,V,14.5,V,22.8,V,40.5,V,13.4,V,22.3,V,40.5,V,6.6,V,5.9,V,5.0,V,8.3,V,6.2,V,5.0,V,5.5,V,5.6,V,5.0,V,7.0,V,6.2,V,5.0,V,,,,
2016-05-17,10.2,V,16.0,V,5.5,V,7.0,V,1717,E,0,E,0,E,0,V,0,V,14.1,V,22.6,V,40.5,V,13.8,V,22.4,V,40.5,V,14.2,V,22.7,V,40.5,V,13.3,V,22.2,V,40.5,V,7.6,V,6.1,V,5.0,V,9.5,V,6.4,V,5.0,V,6.3,V,5.9,V,5.0,V,7.9,V,6.1,V,5.0,V,,,,
2016-05-18,12.0,V,19.9,V,4.3,V,10.2,V,1717,E,0,E,0,E,0,V,0,E,13.8,V,22.4,V,40.5,V,13.7,V,22.3,V,40.5,V,14.3,V,22.6,V,40.5,V,13.2,V,22.0,V,40.5,V,8.5,V,6.5,V,5.1,V,10.6,V,6.9,V,5.1,V,7.1,V,6.4,V,5.0,V,8.9,V,6.5,V,5.0,V,,,,
2016-05-19,10.1,V,14.3,V,6.1,V,6.6,V,1717,E,0,E,0,E,0,V,0,E,14.1,V,22.2,V,40.5,V,13.5,V,22.2,V,40.5,V,14.1,V,22.4,V,40.5,V,12.9,V,22.0,V,40.5,V,8.9,V,7.1,V,5.2,V,10.0,V,7.2,V,5.3,V,8.0,V,6.9,V,5.1,V,10.0,V,7.0,V,5.1,V,,,,
2016-05-20,1.5,V,6.1,V,-0.7,V,6.1,V,1717,E,36,E,36,E,0,E,0,E,13.3,V,22.1,V,40.5,V,13.4,V,22.1,V,40.5,V,13.9,V,22.4,V,40.5,V,13.0,V,21.9,V,40.4,V,6.9,V,6.8,V,5.4,V,9.1,V,7.3,V,5.5,V,5.3,V,6.2,V,5.3,V,9.1,V,7.2,V,5.3,V,,,79.0,E
2016-05-21,1.2,V,4.3,V,-1.2,V,-0.2,V,1753,V,5,V,5,V,30,E,28,V,13.2,V,22.1,V,40.5,V,13.7,V,22.0,V,40.5,V,14.9,V,22.2,V,40.5,V,13.1,V,21.7,V,40.5,V,4.4,V,5.5,V,5.4,V,5.2,V,6.1,V,5.5,V,3.7,V,5.0,V,5.3,V,5.2,V,6.1,V,5.5,V,9.2,E,0.0,V
2016-05-22,2.6,V,7.2,V,-2.1,V,0.4,V,1758,V,0,V,0,V,13,E,25,V,14.6,V,22.0,V,40.5,V,18.8,V,22.1,V,40.5,V,24.7,V,22.4,V,40.5,V,14.6,V,21.8,V,40.4,V,3.1,V,4.4,V,5.2,V,3.7,V,4.9,V,5.3,V,2.6,V,3.9,V,5.0,V,3.7,V,4.9,V,5.3,V,20.0,E,,
2016-05-23,4.3,V,9.7,V,-0.6,V,0.5,V,1758,V,0,V,0,V,3,V,8,V,21.7,V,22.3,V,40.5,V,21.0,V,22.2,V,40.5,V,25.0,V,22.5,V,40.5,V,18.0,V,22.0,V,40.5,V,2.5,V,3.6,V,4.8,V,2.6,V,3.9,V,5.0,V,2.3,V,3.4,V,4.6,V,2.6,V,3.9,V,5.0,V,,,,
2016-05-24,4.9,V,7.4,V,1.9,V,3.7,V,1758,V,0,E,0,E,0,E,0,V,22.2,V,22.4,V,40.5,V,20.4,V,22.4,V,40.5,V,22.2,V,22.5,V,40.5,V,18.5,V,22.2,V,40.5,V,3.0,V,3.3,V,4.5,V,4.4,V,3.6,V,4.6,V,2.3,V,3.2,V,4.3,V,2.3,V,3.4,V,4.6,V,,,,
2016-05-25,6.2,V,11.4,V,1.5,V,1.9,V,1758,E,0,E,0,E,0,E,0,V,18.6,V,22.5,V,40.5,V,17.2,V,22.2,V,40.5,V,18.6,V,22.5,V,40.5,V,16.3,V,22.0,V,40.5,V,4.4,V,3.8,V,4.2,V,5.8,V,4.2,V,4.3,V,3.3,V,3.7,V,4.2,V,4.2,V,3.7,V,4.3,V,,,,
2016-05-26,8.1,V,14.5,V,2.4,V,3.7,V,1758,E,0,E,0,E,0,E,0,V,16.5,V,22.3,V,40.5,V,16.0,V,22.1,V,40.5,V,16.5,V,22.3,V,40.5,V,15.4,V,21.9,V,40.5,V,5.6,V,4.4,V,4.2,V,7.3,V,4.9,V,4.3,V,4.4,V,4.3,V,4.2,V,5.6,V,4.3,V,4.2,V,,,,
2016-05-27,9.2,V,16.3,V,3.0,V,4.3,V,1758,E,0,E,0,E,0,E,0,E,15.9,V,22.1,V,40.5,V,15.3,V,21.9,V,40.5,V,15.9,V,22.2,V,40.5,V,14.8,V,21.7,V,40.5,V,6.6,V,5.1,V,4.3,V,8.8,V,5.6,V,4.4,V,5.3,V,4.9,V,4.3,V,7.0,V,5.0,V,4.3,V,,,,
2016-05-28,10.9,V,18.1,V,4.0,V,4.4,V,1758,E,0,E,0,E,0,E,0,E,14.9,V,21.9,V,40.5,V,15.0,V,21.7,V,40.5,V,15.4,V,21.9,V,40.5,V,14.5,V,21.6,V,40.4,V,7.7,V,5.8,V,4.5,V,9.7,V,6.3,V,4.6,V,6.4,V,5.6,V,4.4,V,8.2,V,5.7,V,4.4,V,,,,
2016-05-29,11.5,V,19.4,V,4.5,V,6.4,V,1758,V,0,V,0,V,0,V,0,E,14.8,V,21.6,V,40.5,V,14.5,V,21.6,V,40.5,V,15.1,V,21.9,V,40.5,V,13.9,V,21.3,V,40.4,V,8.5,V,6.5,V,4.8,V,10.4,V,6.8,V,4.9,V,7.2,V,6.3,V,4.6,V,9.1,V,6.4,V,4.6,V,,,,
2016-05-30,13.2,V,22.2,V,5.3,V,5.5,V,1758,V,0,E,0,E,0,E,0,E,13.9,V,21.5,V,40.5,V,14.2,V,21.5,V,40.4,V,14.8,V,21.7,V,40.5,V,13.7,V,21.3,V,40.4,V,8.9,V,6.9,V,5.1,V,10.7,V,7.3,V,5.2,V,7.6,V,6.7,V,4.9,V,9.8,V,6.9,V,4.9,V,,,,
2016-05-31,14.9,V,23.4,V,7.9,V,8.4,V,1758,E,0,E,0,E,0,V,0,E,14.3,V,21.6,V,40.5,V,14.0,V,21.4,V,40.4,V,14.6,V,21.7,V,40.5,V,13.5,V,21.1,V,40.4,V,9.7,V,7.4,V,5.3,V,11.8,V,7.9,V,5.4,V,8.4,V,7.3,V,5.2,V,10.2,V,7.3,V,5.2,V,,,,
2016-06-01,14.8,V,22.3,V,7.1,V,9.3,V,1758,E,0,E,0,E,0,V,0,E,14.3,V,21.4,V,40.4,V,13.9,V,21.3,V,40.4,V,14.4,V,21.4,V,40.5,V,13.3,V,21.0,V,40.4,V,10.5,V,8.0,V,5.6,V,12.3,V,8.4,V,5.8,V,9.2,V,7.9,V,5.5,V,11.2,V,7.9,V,5.5,V,,,,
2016-06-02,13.4,V,23.0,V,4.4,V,7.1,V,1758,E,0,E,0,E,0,E,0,E,14.1,V,21.3,V,40.4,V,13.7,V,21.0,V,40.4,V,14.2,V,21.3,V,40.4,V,13.2,V,20.8,V,40.4,V,10.3,V,8.3,V,5.9,V,12.1,V,8.6,V,6.1,V,8.9,V,8.0,V,5.8,V,11.5,V,8.5,V,5.8,V,,,,
2016-06-03,16.1,V,26.2,V,6.6,V,7.0,V,1758,E,0,E,0,E,0,V,0,E,13.7,V,20.8,V,40.4,V,13.2,V,20.9,V,40.4,V,14.1,V,21.2,V,40.4,V,12.6,V,20.7,V,40.3,V,10.6,V,8.5,V,6.2,V,12.9,V,8.8,V,6.3,V,9.0,V,8.2,V,6.1,V,11.3,V,8.6,V,6.1,V,,,,
2016-06-04,17.2,V,25.8,V,9.3,V,10.4,V,1758,E,0,E,0,E,0,E,0,E,13.8,V,20.8,V,40.4,V,13.3,V,20.8,V,40.4,V,13.8,V,21.0,V,40.4,V,12.8,V,20.4,V,40.3,V,11.5,V,9.0,V,6.4,V,12.9,V,9.3,V,6.5,V,10.3,V,8.8,V,6.3,V,12.2,V,8.9,V,6.3,V,,,,
2016-06-05,15.7,V,23.2,V,8.5,V,14.4,V,1758,E,0,E,0,E,0,E,0,E,12.8,V,20.6,V,40.3,V,12.8,V,20.1,V,40.3,V,13.7,V,20.6,V,40.4,V,12.0,V,19.4,V,40.3,V,11.7,V,9.4,V,6.7,V,12.8,V,9.6,V,6.8,V,10.7,V,9.2,V,6.5,V,12.4,V,9.4,V,6.5,V,,,,
2016-06-06,15.6,V,23.6,V,8.6,V,10.4,V,1758,E,0,E,0,E,0,V,0,E,12.6,V,19.5,V,40.3,V,12.6,V,19.0,V,40.2,V,13.1,V,19.8,V,40.3,V,11.6,V,18.4,V,40.2,V,11.4,V,9.5,V,6.9,V,12.8,V,9.7,V,7.0,V,10.4,V,9.3,V,6.8,V,12.2,V,9.6,V,6.8,V,,,,
2016-06-07,16.3,V,24.4,V,9.2,V,11.1,V,1758,E,0,E,0,E,0,E,0,E,12.4,V,18.5,V,40.2,V,11.7,V,17.9,V,40.1,V,12.7,V,18.6,V,40.2,V,10.5,V,17.3,V,40.0,V,12.0,V,9.7,V,7.2,V,14.0,V,10.1,V,7.3,V,10.7,V,9.5,V,7.1,V,12.3,V,9.7,V,7.1,V,,,,
2016-06-08,14.7,V,22.2,V,8.6,V,10.2,V,1758,E,0,E,0,E,0,V,0,E,11.1,V,17.6,V,40.0,V,11.1,V,16.9,V,39.9,V,12.0,V,17.6,V,40.1,V,10.2,V,16.3,V,39.8,V,12.2,V,10.2,V,7.4,V,13.6,V,10.4,V,7.5,V,11.1,V,10.0,V,7.3,V,13.3,V,10.2,V,7.3,V,,,,
2016-06-09,13.7,V,18.9,V,9.4,V,11.1,V,1758,E,0,E,0,E,0,V,0,E,10.0,V,16.3,V,39.8,V,10.6,V,16.0,V,39.7,V,11.3,V,16.4,V,39.8,V,9.6,V,15.6,V,39.5,V,11.8,V,10.2,V,7.6,V,13.3,V,10.5,V,7.7,V,10.7,V,9.9,V,7.5,V,12.7,V,10.4,V,7.5,V,,,,
2016-06-10,11.7,V,17.4,V,5.5,V,9.7,V,1758,E,0,E,0,E,0,V,0,E,10.4,V,15.4,V,39.5,V,10.1,V,15.5,V,39.4,V,11.1,V,15.9,V,39.5,V,9.4,V,14.7,V,39.1,V,11.3,V,10.1,V,7.8,V,12.6,V,10.4,V,7.8,V,10.1,V,9.7,V,7.7,V,12.4,V,10.3,V,7.7,V,,,,
2016-06-11,11.2,V,18.4,V,4.6,V,5.6,V,1758,E,0,E,0,E,0,E,0,E,9.6,V,15.2,V,39.1,V,9.4,V,14.8,V,38.9,V,10.2,V,15.4,V,39.1,V,8.5,V,14.2,V,38.7,V,10.6,V,9.8,V,7.9,V,11.9,V,10.1,V,7.9,V,9.4,V,9.4,V,7.8,V,11.7,V,10.1,V,7.8,V,,,,
2016-06-12,11.2,V,17.6,V,6.8,V,9.0,V,1758,E,0,E,0,E,0,V,0,E,10.2,V,14.8,V,38.7,V,9.5,V,14.3,V,38.5,V,10.2,V,14.8,V,38.7,V,8.5,V,13.7,V,38.2,V,10.3,V,9.6,V,7.9,V,11.3,V,9.8,V,7.9,V,9.6,V,9.3,V,7.9,V,11.3,V,9.8,V,7.9,V,,,,
2016-06-13,11.5,V,17.8,V,5.1,V,6.8,V,1758,E,0,E,0,E,0,E,0,E,9.9,V,14.4,V,38.3,V,9.1,V,14.1,V,38.0,V,9.9,V,14.5,V,38.3,V,7.9,V,13.5,V,37.8,V,9.9,V,9.1,V,7.9,V,11.8,V,9.4,V,7.9,V,8.7,V,8.9,V,7.8,V,10.2,V,9.4,V,7.9,V,,,,
2016-06-14,9.3,V,14.0,V,5.5,V,9.5,V,1758,V,0,V,0,V,0,E,0,E,8.3,V,13.6,V,37.8,V,8.6,V,13.6,V,37.5,V,9.6,V,14.1,V,37.8,V,7.6,V,13.0,V,37.0,V,10.2,V,9.2,V,7.8,V,11.7,V,9.4,V,7.8,V,8.9,V,9.0,V,7.8,V,11.1,V,9.4,V,7.8,V,,,,
2016-06-15,5.5,V,10.3,V,2.3,V,5.6,V,1758,V,3,V,3,V,0,V,0,E,9.1,V,13.7,V,37.3,V,8.4,V,13.3,V,36.9,V,9.3,V,13.8,V,37.3,V,7.2,V,12.8,V,36.5,V,9.2,V,9.1,V,7.8,V,10.8,V,9.4,V,7.8,V,8.5,V,8.8,V,7.8,V,10.8,V,9.4,V,7.8,V,,,0.0,E
2016-06-16,6.3,V,12.5,V,1.0,V,2.4,V,1760,V,0,V,0,V,0,E,0,E,7.9,V,13.3,V,36.3,V,8.4,V,13.0,V,36.3,V,9.1,V,13.4,V,36.6,V,7.4,V,12.7,V,35.7,V,7.9,V,8.2,V,7.7,V,9.3,V,8.8,V,7.8,V,6.9,V,7.9,V,7.6,V,8.3,V,8.8,V,7.8,V,,,,
2016-06-17,9.1,V,14.7,V,2.8,V,3.8,V,1760,V,0,V,0,V,0,E,0,E,8.3,V,13.2,V,35.8,V,8.3,V,12.8,V,35.6,V,9.1,V,13.3,V,36.0,V,7.1,V,12.4,V,35.3,V,8.6,V,8.1,V,7.6,V,10.4,V,8.3,V,7.6,V,7.4,V,7.9,V,7.5,V,8.8,V,8.2,V,7.6,V,,,,
2016-06-18,9.9,V,14.9,V,6.0,V,9.6,V,1760,V,8,V,8,V,0,V,0,E,7.8,V,13.1,V,35.2,V,8.3,V,13.0,V,35.2,V,9.3,V,13.9,V,35.5,V,7.7,V,12.2,V,34.8,V,9.7,V,8.5,V,7.5,V,10.9,V,8.8,V,7.5,V,8.8,V,8.4,V,7.5,V,10.0,V,8.4,V,7.5,V,,,0.0,E
2016-06-19,12.8,V,21.2,V,4.6,V,6.0,V,1768,V,0,E,0,E,0,V,0,E,7.6,V,12.6,V,35.2,V,8.5,V,12.8,V,34.7,V,9.2,V,13.3,V,35.2,V,7.6,V,12.2,V,34.2,V,9.7,V,8.7,V,7.5,V,11.9,V,9.0,V,7.5,V,8.3,V,8.4,V,7.5,V,10.2,V,8.9,V,7.5,V,,,,
2016-06-20,14.5,V,22.7,V,5.6,V,8.5,V,1768,E,0,E,0,E,0,V,0,E,8.1,V,12.1,V,34.2,V,8.2,V,12.3,V,34.0,V,9.0,V,12.8,V,34.5,V,7.1,V,11.8,V,33.5,V,10.7,V,9.1,V,7.6,V,13.0,V,9.5,V,7.6,V,9.1,V,8.9,V,7.5,V,11.3,V,9.1,V,7.5,V,,,,
2016-06-21,15.9,V,24.9,V,7.3,V,9.9,V,1768,E,0,E,0,E,0,V,0,E,7.0,V,12.3,V,33.5,V,7.7,V,11.8,V,33.3,V,8.8,V,12.4,V,33.7,V,6.9,V,11.3,V,32.9,V,11.5,V,9.7,V,7.7,V,13.8,V,10.1,V,7.8,V,9.9,V,9.4,V,7.6,V,12.2,V,9.7,V,7.6,V,,,,
2016-06-22,15.5,V,23.5,V,7.7,V,9.8,V,1768,E,0,E,0,E,0,V,0,E,7.4,V,11.3,V,33.2,V,7.5,V,11.5,V,32.7,V,8.2,V,12.1,V,33.2,V,6.6,V,11.1,V,32.1,V,12.1,V,10.2,V,7.9,V,14.1,V,10.6,V,8.0,V,10.6,V,10.0,V,7.8,V,13.0,V,10.2,V,7.8,V,,,,
2016-06-23,14.6,V,21.2,V,8.2,V,10.5,V,1768,E,0,E,0,E,0,V,0,E,8.0,V,11.2,V,32.2,V,7.2,V,11.2,V,31.9,V,8.0,V,11.8,V,32.4,V,6.5,V,10.7,V,31.3,V,12.1,V,10.5,V,8.1,V,13.9,V,10.7,V,8.2,V,10.6,V,10.2,V,8.0,V,13.2,V,10.6,V,8.0,V,,,,
2016-06-24,14.6,V,21.7,V,8.2,V,10.9,V,1768,E,0,E,0,E,0,V,0,E,6.9,V,10.8,V,31.6,V,6.9,V,11.0,V,31.3,V,7.8,V,11.6,V,31.8,V,6.0,V,10.3,V,30.8,V,12.3,V,10.6,V,8.3,V,14.3,V,10.9,V,8.3,V,10.9,V,10.3,V,8.2,V,13.1,V,10.7,V,8.2,V,,,,
2016-06-25,16.0,V,24.8,V,8.6,V,10.8,V,1768,E,0,E,0,E,0,E,0,E,7.4,V,11.3,V,31.0,V,6.6,V,10.8,V,30.8,V,7.4,V,11.4,V,31.2,V,5.8,V,10.3,V,30.3,V,12.7,V,10.9,V,8.4,V,15.1,V,11.2,V,8.5,V,11.1,V,10.6,V,8.3,V,13.5,V,11.0,V,8.3,V,,,,
2016-06-26,16.9,V,25.8,V,9.0,V,11.0,V,1768,E,0,E,0,E,0,V,0,E,6.5,V,10.3,V,30.5,V,6.5,V,10.5,V,30.2,V,7.2,V,10.9,V,30.6,V,5.7,V,9.8,V,29.7,V,13.5,V,11.3,V,8.6,V,15.7,V,11.7,V,8.7,V,11.9,V,11.0,V,8.5,V,14.3,V,11.3,V,8.5,V,,,,
2016-06-27,17.3,V,25.8,V,9.1,V,10.5,V,1768,E,0,E,0,E,0,V,0,E,5.9,V,9.9,V,29.9,V,6.2,V,10.3,V,29.6,V,7.1,V,11.1,V,30.0,V,5.2,V,9.5,V,29.2,V,13.8,V,11.7,V,8.8,V,16.0,V,12.0,V,8.9,V,12.2,V,11.4,V,8.7,V,14.8,V,11.8,V,8.7,V,,,,
2016-06-28,17.8,V,26.6,V,9.1,V,10.9,V,1768,E,0,E,0,E,0,V,0,E,5.7,V,9.7,V,29.2,V,5.9,V,9.9,V,29.1,V,6.8,V,10.5,V,29.5,V,5.3,V,9.4,V,28.6,V,14.2,V,12.0,V,9.0,V,16.3,V,12.3,V,9.1,V,12.6,V,11.7,V,8.9,V,15.2,V,12.1,V,8.9,V,,,,
2016-06-29,17.2,V,26.2,V,9.1,V,12.4,V,1768,E,0,E,0,E,0,V,0,E,5.3,V,10.1,V,28.8,V,5.7,V,9.7,V,28.6,V,6.4,V,10.3,V,29.1,V,5.0,V,9.0,V,28.1,V,14.5,V,12.3,V,9.2,V,16.4,V,12.6,V,9.3,V,13.1,V,12.1,V,9.1,V,15.5,V,12.4,V,9.1,V,,,,
2016-06-30,16.9,V,26.5,V,8.7,V,9.1,V,1768,E,0,E,0,E,0,E,0,E,5.0,V,9.3,V,28.6,V,5.4,V,9.5,V,28.1,V,6.0,V,10.2,V,28.6,V,4.6,V,8.6,V,27.6,V,14.1,V,12.4,V,9.4,V,16.2,V,12.7,V,9.4,V,12.5,V,12.0,V,9.3,V,15.3,V,12.7,V,9.3,V,,,,
2016-07-01,17.3,V,25.5,V,10.1,V,11.8,V,1768,E,0,E,0,E,0,V,0,E,5.7,V,9.0,V,27.8,V,5.1,V,9.2,V,27.7,V,5.7,V,9.9,V,28.1,V,4.6,V,8.1,V,27.2,V,14.4,V,12.5,V,9.5,V,16.5,V,12.8,V,9.6,V,13.0,V,12.2,V,9.4,V,15.3,V,12.6,V,9.4,V,,,,
2016-07-02,16.5,V,24.5,V,10.0,V,11.8,V,1768,E,0,E,0,E,0,E,0,E,5.5,V,9.4,V,27.2,V,5.0,V,8.9,V,27.3,V,5.7,V,9.7,V,27.7,V,4.1,V,8.3,V,26.9,V,14.6,V,12.7,V,9.7,V,16.3,V,12.9,V,9.7,V,13.3,V,12.4,V,9.6,V,15.6,V,12.9,V,9.6,V,,,,
2016-07-03,15.3,V,22.7,V,8.3,V,10.6,V,1768,E,0,E,0,E,0,V,0,E,4.9,V,8.7,V,27.2,V,4.7,V,8.7,V,26.8,V,5.1,V,9.1,V,27.2,V,4.0,V,8.2,V,26.4,V,14.4,V,12.7,V,9.8,V,16.1,V,13.1,V,9.9,V,13.0,V,12.4,V,9.7,V,15.4,V,13.0,V,9.7,V,,,,
2016-07-04,14.5,V,21.7,V,7.6,V,9.1,V,1768,E,0,E,0,E,0,V,0,E,5.0,V,8.7,V,26.7,V,4.6,V,8.6,V,26.5,V,5.2,V,8.9,V,26.8,V,3.8,V,8.2,V,26.1,V,14.1,V,12.6,V,9.9,V,15.9,V,13.0,V,9.9,V,12.7,V,12.3,V,9.9,V,15.2,V,12.9,V,9.9,V,,,,
2016-07-05,14.1,V,21.7,V,7.2,V,8.8,V,1768,E,0,E,0,E,0,V,0,E,4.5,V,8.2,V,26.0,V,4.3,V,8.3,V,26.0,V,5.2,V,8.8,V,26.5,V,3.7,V,7.8,V,25.7,V,14.0,V,12.6,V,10.0,V,15.8,V,12.9,V,10.0,V,12.6,V,12.2,V,9.9,V,15.1,V,12.9,V,9.9,V,,,,
2016-07-06,13.7,V,21.4,V,6.8,V,8.8,V,1768,E,0,E,0,E,0,V,0,E,4.6,V,8.5,V,25.9,V,4.2,V,8.2,V,25.8,V,4.6,V,8.8,V,26.2,V,3.8,V,7.8,V,25.4,V,13.8,V,12.5,V,10.0,V,15.6,V,12.9,V,10.0,V,12.4,V,12.2,V,10.0,V,14.9,V,12.8,V,10.0,V,,,,
2016-07-07,14.1,V,21.4,V,6.7,V,8.8,V,1768,E,0,E,0,E,0,E,0,E,4.4,V,8.0,V,25.6,V,4.1,V,8.1,V,25.5,V,4.7,V,8.7,V,26.0,V,3.6,V,7.6,V,25.1,V,13.8,V,12.5,V,10.1,V,15.8,V,12.8,V,10.1,V,12.4,V,12.2,V,10.0,V,14.7,V,12.7,V,10.0,V,,,,
2016-07-08,14.5,V,20.5,V,9.7,V,11.9,V,1768,E,0,E,0,E,0,E,0,E,3.8,V,7.7,V,25.0,V,3.8,V,7.8,V,25.1,V,4.2,V,8.6,V,25.4,V,3.5,V,7.2,V,24.9,V,14.0,V,12.6,V,10.1,V,15.7,V,12.9,V,10.1,V,12.8,V,12.3,V,10.1,V,14.9,V,12.8,V,10.1,V,,,,
2016-07-09,12.8,V,18.2,V,8.8,V,10.1,V,1768,E,0,E,0,E,0,E,0,E,3.7,V,7.7,V,24.7,V,3.8,V,7.8,V,25.0,V,4.3,V,8.4,V,25.3,V,3.2,V,7.3,V,24.7,V,13.7,V,12.6,V,10.2,V,15.0,V,12.9,V,10.2,V,12.7,V,12.3,V,10.1,V,15.0,V,12.9,V,10.1,V,,,,
2016-07-10,10.9,V,16.4,V,5.3,V,10.3,V,1768,E,0,E,0,E,0,E,0,E,3.6,V,7.5,V,24.5,V,3.6,V,7.6,V,24.6,V,4.3,V,8.3,V,25.1,V,3.1,V,7.1,V,24.2,V,13.0,V,12.3,V,10.2,V,14.5,V,12.6,V,10.2,V,11.8,V,11.9,V,10.2,V,13.7,V,12.6,V,10.2,V,,,,
2016-07-11,12.5,V,19.8,V,5.1,V,5.3,V,1768,E,0,E,0,E,0,E,0,E,4.0,V,7.9,V,24.8,V,3.5,V,7.6,V,24.4,V,4.0,V,7.9,V,24.8,V,2.6,V,7.0,V,24.1,V,12.7,V,12.0,V,10.2,V,14.8,V,12.4,V,10.2,V,11.2,V,11.6,V,10.1,V,13.6,V,12.3,V,10.2,V,,,,
2016-07-12,12.9,V,20.9,V,5.7,V,7.7,V,1768,E,0,E,0,E,0,V,0,E,2.9,V,7.8,V,24.3,V,3.4,V,7.4,V,24.2,V,4.3,V,7.8,V,24.4,V,2.8,V,6.8,V,23.8,V,13.2,V,12.1,V,10.1,V,15.3,V,12.3,V,10.1,V,11.7,V,11.7,V,10.1,V,14.1,V,12.2,V,10.1,V,,,,
2016-07-13,15.3,V,24.9,V,6.9,V,8.0,V,1768,E,0,E,0,E,0,V,0,E,3.2,V,7.4,V,24.4,V,3.3,V,7.1,V,23.8,V,3.9,V,7.5,V,24.4,V,2.9,V,6.5,V,23.4,V,13.6,V,12.3,V,10.1,V,16.1,V,12.7,V,10.1,V,12.0,V,11.9,V,10.1,V,14.4,V,12.4,V,10.1,V,,,,
2016-07-14,16.2,V,25.6,V,6.8,V,8.4,V,1768,E,0,E,0,E,0,V,0,E,3.3,V,6.7,V,23.7,V,3.2,V,6.9,V,23.6,V,3.9,V,7.7,V,23.9,V,2.5,V,6.0,V,23.1,V,14.2,V,12.6,V,10.2,V,16.5,V,13.0,V,10.2,V,12.4,V,12.2,V,10.1,V,15.3,V,12.8,V,10.1,V,,,,
2016-07-15,16.1,V,25.2,V,8.0,V,9.9,V,1768,E,0,E,0,E,0,V,0,E,3.5,V,7.1,V,23.5,V,3.1,V,6.5,V,23.3,V,3.7,V,7.3,V,23.7,V,2.6,V,5.8,V,22.7,V,14.6,V,12.9,V,10.3,V,16.7,V,13.3,V,10.3,V,13.1,V,12.6,V,10.2,V,15.7,V,13.1,V,10.2,V,,,,
2016-07-16,15.6,V,23.4,V,7.8,V,10.1,V,1768,E,0,E,0,E,0,V,0,E,3.4,V,5.9,V,23.1,V,3.0,V,6.1,V,23.0,V,3.4,V,6.9,V,23.5,V,2.4,V,5.3,V,22.5,V,14.7,V,13.2,V,10.4,V,16.7,V,13.5,V,10.4,V,13.2,V,12.8,V,10.3,V,15.9,V,13.4,V,10.3,V,,,,
2016-07-17,15.1,V,21.9,V,8.5,V,10.8,V,1768,E,0,E,0,E,0,V,0,E,2.7,V,5.8,V,22.8,V,2.8,V,5.9,V,22.7,V,3.4,V,6.6,V,23.1,V,2.4,V,4.9,V,22.2,V,14.7,V,13.2,V,10.5,V,16.5,V,13.5,V,10.5,V,13.3,V,12.9,V,10.4,V,15.8,V,13.5,V,10.4,V,,,,
2016-07-18,14.1,V,19.3,V,9.4,V,11.8,V,1768,E,0,E,0,E,0,V,0,E,2.6,V,5.2,V,22.5,V,2.6,V,5.8,V,22.5,V,3.1,V,6.8,V,22.9,V,2.2,V,4.7,V,22.1,V,14.5,V,13.2,V,10.6,V,16.1,V,13.5,V,10.6,V,13.2,V,12.9,V,10.5,V,15.5,V,13.5,V,10.5,V,,,,
2016-07-19,13.6,V,20.5,V,7.7,V,9.4,V,1768,E,0,E,0,E,0,E,0,E,3.1,V,5.9,V,22.2,V,2.3,V,5.4,V,22.2,V,3.1,V,6.4,V,22.6,V,1.7,V,4.2,V,21.7,V,14.1,V,13.0,V,10.7,V,16.1,V,13.4,V,10.7,V,12.7,V,12.7,V,10.6,V,15.1,V,13.4,V,10.6,V,,,,
2016-07-20,14.3,V,22.6,V,6.8,V,8.9,V,1768,E,0,E,0,E,0,V,0,E,2.6,V,5.9,V,22.4,V,2.3,V,5.4,V,22.0,V,2.8,V,6.4,V,22.4,V,1.8,V,3.7,V,21.5,V,14.3,V,13.0,V,10.7,V,16.5,V,13.3,V,10.7,V,12.8,V,12.7,V,10.6,V,15.2,V,13.3,V,10.6,V,,,,
2016-07-21,15.2,V,23.5,V,8.2,V,9.4,V,1768,E,0,E,0,E,0,E,0,E,2.4,V,4.2,V,21.8,V,2.2,V,4.7,V,21.7,V,2.7,V,6.2,V,22.2,V,1.7,V,3.5,V,21.2,V,14.7,V,13.2,V,10.7,V,16.6,V,13.5,V,10.7,V,13.2,V,12.9,V,10.7,V,15.6,V,13.4,V,10.7,V,,,,
2016-07-22,15.4,V,23.9,V,8.2,V,9.9,V,1768,E,0,E,0,E,0,V,0,E,2.0,V,5.2,V,21.4,V,2.0,V,4.7,V,21.3,V,2.5,V,5.7,V,21.8,V,1.7,V,3.9,V,21.0,V,14.7,V,13.3,V,10.8,V,16.8,V,13.6,V,10.8,V,13.1,V,12.9,V,10.7,V,15.7,V,13.5,V,10.7,V,,,,
2016-07-23,16.4,V,26.0,V,6.8,V,8.3,V,1768,E,0,E,0,E,0,E,0,E,2.1,V,4.4,V,21.3,V,1.9,V,4.3,V,21.2,V,2.4,V,4.8,V,21.4,V,1.5,V,3.7,V,20.8,V,14.7,V,13.3,V,10.9,V,17.2,V,13.7,V,10.9,V,12.9,V,12.9,V,10.8,V,15.9,V,13.6,V,10.8,V,,,,
2016-07-24,17.7,V,26.9,V,10.3,V,12.8,V,1768,E,0,E,0,E,0,E,0,E,1.7,V,4.5,V,21.0,V,1.8,V,4.0,V,20.9,V,2.3,V,4.5,V,21.2,V,1.4,V,3.4,V,20.5,V,15.6,V,13.7,V,10.9,V,17.8,V,14.1,V,10.9,V,14.0,V,13.4,V,10.9,V,16.4,V,13.7,V,10.9,V,,,,
2016-07-25,16.6,V,25.9,V,8.1,V,10.3,V,1768,E,0,E,0,E,0,V,0,E,1.9,V,4.1,V,21.1,V,1.8,V,3.7,V,20.7,V,2.3,V,4.3,V,21.1,V,1.3,V,3.2,V,20.2,V,15.7,V,14.0,V,11.1,V,17.7,V,14.3,V,11.1,V,14.0,V,13.6,V,10.9,V,16.9,V,14.2,V,10.9,V,,,,
2016-07-26,17.6,V,28.2,V,8.5,V,10.8,V,1768,E,0,E,0,E,0,V,0,E,1.3,V,3.0,V,20.7,V,1.6,V,3.3,V,20.3,V,2.2,V,4.3,V,20.7,V,1.2,V,2.5,V,19.9,V,15.8,V,14.1,V,11.2,V,18.0,V,14.4,V,11.2,V,14.0,V,13.7,V,11.1,V,16.9,V,14.3,V,11.1,V,,,,
2016-07-27,19.5,V,29.1,V,10.6,V,11.7,V,1768,E,0,E,0,E,0,V,0,E,2.0,V,3.7,V,19.8,V,1.5,V,3.2,V,19.9,V,2.1,V,4.1,V,20.3,V,1.0,V,2.4,V,19.4,V,16.2,V,14.4,V,11.3,V,18.6,V,14.7,V,11.3,V,14.5,V,14.0,V,11.2,V,17.2,V,14.5,V,11.2,V,,,,
2016-07-28,20.9,V,29.9,V,13.6,V,14.6,V,1768,E,0,E,0,E,0,E,0,V,1.4,V,3.4,V,20.2,V,1.5,V,2.8,V,19.6,V,2.0,V,3.7,V,20.2,V,1.0,V,2.1,V,19.2,V,17.2,V,14.9,V,11.4,V,19.4,V,15.4,V,11.5,V,15.7,V,14.6,V,11.3,V,17.9,V,14.8,V,11.3,V,,,,
2016-07-29,20.9,V,29.4,V,14.3,V,15.9,V,1768,E,0,E,0,E,0,E,0,E,1.4,V,3.0,V,19.3,V,1.4,V,2.7,V,19.3,V,1.7,V,3.4,V,19.6,V,1.1,V,2.2,V,19.0,V,17.9,V,15.4,V,11.6,V,19.9,V,15.9,V,11.7,V,16.5,V,15.1,V,11.5,V,18.7,V,15.5,V,11.5,V,,,,
2016-07-30,19.1,V,26.9,V,12.9,V,14.6,V,1768,E,0,E,0,E,0,E,0,E,1.4,V,2.9,V,18.9,V,1.4,V,2.5,V,18.9,V,1.9,V,2.9,V,19.4,V,0.8,V,2.0,V,18.6,V,17.9,V,15.8,V,11.8,V,19.5,V,16.0,V,11.9,V,16.5,V,15.4,V,11.7,V,19.0,V,15.9,V,11.7,V,,,,
2016-07-31,17.7,V,25.9,V,11.5,V,13.1,V,1768,E,0,E,0,E,0,E,0,E,1.2,V,2.3,V,19.0,V,1.2,V,2.3,V,18.6,V,1.7,V,2.9,V,19.0,V,0.9,V,1.6,V,18.2,V,17.6,V,15.7,V,12.1,V,19.2,V,16.1,V,12.1,V,16.2,V,15.4,V,11.9,V,18.6,V,16.0,V,11.9,V,,,,
2016-08-01,17.6,V,26.0,V,10.9,V,11.8,V,1768,E,0,E,0,E,0,V,0,E,1.1,V,2.7,V,18.5,V,1.0,V,2.1,V,18.3,V,1.4,V,3.0,V,18.7,V,0.5,V,1.2,V,17.9,V,17.2,V,15.6,V,12.2,V,19.1,V,16.0,V,12.2,V,15.8,V,15.2,V,12.1,V,18.3,V,16.0,V,12.1,V,,,,
2016-08-02,17.4,V,25.7,V,10.0,V,11.9,V,1768,E,0,E,0,E,0,V,0,E,0.7,V,1.7,V,18.0,V,0.9,V,1.9,V,17.9,V,1.2,V,2.7,V,18.3,V,0.5,V,1.1,V,17.4,V,17.1,V,15.5,V,12.3,V,18.9,V,15.9,V,12.3,V,15.5,V,15.1,V,12.2,V,18.2,V,15.9,V,12.2,V,,,,
2016-08-03,17.4,V,26.9,V,8.8,V,10.9,V,1768,E,0,E,0,E,0,V,0,E,0.8,V,2.4,V,18.0,V,0.8,V,1.7,V,17.6,V,1.2,V,2.6,V,18.0,V,0.4,V,0.9,V,17.2,V,16.9,V,15.4,V,12.3,V,19.0,V,15.9,V,12.3,V,15.2,V,15.0,V,12.3,V,18.1,V,15.8,V,12.3,V,,,,
2016-08-04,17.0,V,25.8,V,9.2,V,12.3,V,1768,E,0,E,0,E,0,V,0,E,1.3,V,1.2,V,17.1,V,0.8,V,1.5,V,17.3,V,1.3,V,2.1,V,17.6,V,0.0,V,0.9,V,17.0,V,17.0,V,15.5,V,12.3,V,18.9,V,15.8,V,12.4,V,15.4,V,15.1,V,12.3,V,18.2,V,15.7,V,12.3,V,,,,
2016-08-05,14.6,V,22.1,V,7.0,V,11.2,V,1768,E,0,E,0,E,0,E,0,E,0.7,V,2.0,V,16.9,V,0.7,V,1.6,V,16.9,V,1.2,V,2.3,V,17.3,V,0.5,V,0.8,V,16.4,V,16.7,V,15.4,V,12.4,V,18.3,V,15.8,V,12.4,V,15.3,V,15.1,V,12.3,V,18.0,V,15.7,V,12.3,V,,,,
2016-08-06,13.3,V,22.6,V,4.9,V,6.9,V,1768,E,0,E,0,E,0,E,0,E,0.4,V,1.1,V,16.9,V,0.4,V,1.4,V,16.6,V,0.7,V,2.3,V,17.0,V,0.1,V,0.9,V,16.3,V,15.8,V,15.1,V,12.4,V,17.7,V,15.6,V,12.5,V,14.2,V,14.5,V,12.4,V,17.4,V,15.6,V,12.4,V,,,,
2016-08-07,13.0,V,21.7,V,5.0,V,8.0,V,1768,V,0,V,0,V,0,E,0,E,0.4,V,1.2,V,16.7,V,0.3,V,1.4,V,16.3,V,0.7,V,2.1,V,16.7,V,0.0,V,0.7,V,15.8,V,15.7,V,14.8,V,12.4,V,17.6,V,15.2,V,12.4,V,14.1,V,14.4,V,12.3,V,16.9,V,15.1,V,12.4,V,,,,
2016-08-08,13.2,V,21.1,V,5.7,V,7.9,V,1768,V,0,V,0,V,0,E,0,E,0.4,V,0.9,V,16.0,V,0.2,V,1.2,V,15.9,V,0.6,V,2.0,V,16.4,V,0.0,V,0.5,V,15.6,V,15.4,V,14.7,V,12.3,V,17.1,V,15.1,V,12.4,V,13.9,V,14.2,V,12.3,V,16.8,V,15.0,V,12.3,V,,,,
2016-08-09,13.5,V,21.9,V,5.7,V,7.8,V,1768,V,0,V,0,V,0,E,0,E,0.1,V,1.8,V,16.1,V,0.1,V,1.1,V,15.7,V,0.4,V,1.8,V,16.1,V,0.0,V,0.4,V,15.3,V,15.3,V,14.5,V,12.3,V,17.4,V,14.9,V,12.3,V,13.7,V,14.0,V,12.2,V,16.4,V,14.8,V,12.3,V,,,,
2016-08-10,13.8,V,21.6,V,6.5,V,8.8,V,1768,V,0,V,0,V,0,E,0,E,0.0,V,1.7,V,15.8,V,0.1,V,1.2,V,15.5,V,0.3,V,1.8,V,15.8,V,0.0,V,0.5,V,15.0,V,15.6,V,14.5,V,12.3,V,17.4,V,14.8,V,12.3,V,14.1,V,14.2,V,12.2,V,16.7,V,14.7,V,12.2,V,,,,
2016-08-11,16.6,V,24.8,V,10.0,V,10.0,V,1768,V,0,E,0,E,0,V,0,E,0.0,V,0.6,V,15.2,V,0.1,V,1.0,V,15.1,V,0.3,V,1.8,V,15.5,V,0.0,V,0.4,V,14.7,V,16.1,V,14.7,V,12.2,V,18.2,V,15.1,V,12.3,V,14.6,V,14.4,V,12.2,V,16.8,V,14.8,V,12.2,V,,,,
2016-08-12,17.7,V,26.4,V,10.2,V,11.7,V,1768,E,0,E,0,E,0,V,0,E,0.1,V,0.8,V,15.2,V,0.1,V,1.0,V,14.8,V,0.4,V,1.7,V,15.2,V,0.0,V,0.3,V,14.4,V,16.8,V,15.1,V,12.3,V,18.8,V,15.5,V,12.3,V,15.3,V,14.8,V,12.2,V,17.7,V,15.1,V,12.2,V,,,,
2016-08-13,19.0,V,28.1,V,11.4,V,12.7,V,1768,E,0,E,0,E,0,V,0,E,0.0,V,1.4,V,14.8,V,0.0,V,0.8,V,14.5,V,0.3,V,1.4,V,14.9,V,0.0,V,0.4,V,14.0,V,17.3,V,15.5,V,12.4,V,19.4,V,15.9,V,12.4,V,15.8,V,15.2,V,12.3,V,18.2,V,15.6,V,12.3,V,,,,
2016-08-14,17.2,V,25.2,V,10.1,V,12.7,V,1768,E,0,E,0,E,0,V,0,E,0.0,V,1.3,V,14.4,V,0.0,V,0.9,V,14.2,V,0.1,V,1.5,V,14.4,V,0.0,V,0.5,V,13.8,V,17.4,V,15.8,V,12.5,V,19.1,V,16.1,V,12.6,V,15.9,V,15.4,V,12.4,V,18.7,V,16.0,V,12.4,V,,,,
2016-08-15,17.0,V,25.5,V,9.9,V,11.1,V,1768,E,0,E,0,E,0,V,0,E,0.0,V,0.5,V,14.0,V,0.0,V,0.9,V,13.8,V,0.0,V,1.5,V,14.1,V,0.0,V,0.5,V,13.5,V,17.3,V,15.8,V,12.7,V,19.0,V,16.1,V,12.7,V,15.8,V,15.4,V,12.6,V,18.4,V,16.1,V,12.6,V,,,,
2016-08-16,18.7,V,27.4,V,11.7,V,12.6,V,1768,E,0,E,0,E,0,E,0,E,0.0,V,1.0,V,13.6,V,0.0,V,0.9,V,13.5,V,0.0,V,1.3,V,13.8,V,0.0,V,0.5,V,13.3,V,17.4,V,15.9,V,12.8,V,19.2,V,16.2,V,12.8,V,16.0,V,15.6,V,12.7,V,18.4,V,16.1,V,12.7,V,,,,
2016-08-17,19.8,V,27.7,V,13.9,V,14.0,V,1768,E,0,E,0,E,0,V,0,E,0.0,V,0.8,V,13.1,V,0.0,V,0.8,V,13.2,V,0.0,V,1.1,V,13.5,V,0.0,V,0.4,V,12.9,V,17.9,V,16.1,V,12.8,V,20.0,V,16.5,V,12.9,V,16.4,V,15.8,V,12.7,V,18.6,V,16.2,V,12.7,V,,,,
2016-08-18,17.9,V,27.9,V,12.2,V,14.3,V,1768,E,0,E,0,E,0,V,0,E,0.0,V,0.7,V,12.9,V,0.0,V,0.8,V,12.8,V,0.0,V,1.3,V,13.1,V,0.0,V,0.4,V,12.4,V,17.7,V,16.4,V,13.0,V,19.3,V,16.7,V,13.0,V,16.7,V,16.1,V,12.8,V,19.3,V,16.6,V,12.8,V,,,,
2016-08-19,18.8,V,28.1,V,12.5,V,13.8,V,1768,V,0,E,0,E,0,V,0,E,0.0,V,0.6,V,12.7,V,0.0,V,0.7,V,12.4,V,0.0,V,1.1,V,12.7,V,0.0,V,0.1,V,12.1,V,17.1,V,15.9,V,13.1,V,18.9,V,16.3,V,13.1,V,15.8,V,15.6,V,13.0,V,17.5,V,16.3,V,13.0,V,,,,
2016-08-20,18.5,V,27.6,V,10.6,V,13.4,V,1768,E,0,E,0,E,0,E,0,E,0.0,V,0.8,V,12.1,V,0.0,V,0.7,V,12.1,V,0.0,V,1.1,V,12.5,V,0.0,V,0.2,V,11.7,V,17.3,V,16.0,V,13.1,V,18.4,V,16.3,V,13.1,V,16.1,V,15.7,V,13.1,V,18.4,V,16.2,V,13.1,V,,,,
2016-08-21,18.0,V,26.0,V,11.7,V,14.1,V,1768,V,0,V,0,V,0,V,0,E,0.0,V,0.6,V,12.2,V,0.0,V,0.6,V,11.8,V,0.0,V,1.0,V,12.2,V,0.0,V,0.1,V,11.4,V,17.5,V,16.0,V,13.2,V,19.1,V,16.3,V,13.2,V,16.2,V,15.8,V,13.1,V,18.0,V,16.2,V,13.1,V,,,,
2016-08-22,17.3,V,25.2,V,11.1,V,13.2,V,1768,V,0,V,0,V,0,V,0,E,0.0,V,0.6,V,11.6,V,0.0,V,0.5,V,11.5,V,0.0,V,1.2,V,11.9,V,0.0,V,0.0,V,11.1,V,17.8,V,16.3,V,13.3,V,19.6,V,16.6,V,13.3,V,16.5,V,15.9,V,13.2,V,18.6,V,16.4,V,13.2,V,,,,
2016-08-23,16.3,V,24.0,V,9.7,V,11.9,V,1768,V,0,V,0,V,0,E,0,E,0.0,V,0.5,V,11.4,V,0.0,V,0.5,V,11.2,V,0.0,V,1.0,V,11.5,V,0.0,V,0.0,V,10.7,V,17.8,V,16.4,V,13.4,V,19.4,V,16.7,V,13.4,V,16.4,V,16.1,V,13.3,V,18.8,V,16.6,V,13.3,V,,,,
2016-08-24,15.0,V,23.8,V,7.2,V,9.8,V,1768,V,0,V,0,V,0,E,0,E,0.0,V,0.1,V,10.9,V,0.0,V,0.5,V,10.9,V,0.0,V,1.1,V,11.3,V,0.0,V,0.0,V,10.5,V,17.1,V,16.3,V,13.4,V,18.8,V,16.7,V,13.5,V,15.4,V,15.8,V,13.4,V,18.5,V,16.7,V,13.4,V,,,,
2016-08-25,15.1,V,24.1,V,7.5,V,9.2,V,1768,V,0,V,0,V,0,E,0,E,0.0,V,0.6,V,10.8,V,0.0,V,0.6,V,10.5,V,0.0,V,1.2,V,11.0,V,0.0,V,0.0,V,10.1,V,16.9,V,16.0,V,13.5,V,18.9,V,16.4,V,13.5,V,15.2,V,15.6,V,13.4,V,18.1,V,16.4,V,13.4,V,,,,
2016-08-26,14.9,V,22.9,V,8.4,V,10.2,V,1768,V,0,V,0,V,0,E,0,E,0.0,V,0.7,V,10.3,V,0.0,V,0.5,V,10.2,V,0.0,V,1.1,V,10.5,V,0.0,V,0.0,V,9.9,V,17.1,V,16.1,V,13.5,V,18.9,V,16.4,V,13.5,V,15.6,V,15.7,V,13.4,V,18.2,V,16.3,V,13.4,V,,,,
2016-08-27,14.7,V,23.7,V,7.2,V,9.1,V,1768,V,0,V,0,V,0,V,0,E,0.0,V,0.5,V,10.1,V,0.0,V,0.5,V,9.8,V,0.0,V,1.1,V,10.3,V,0.0,V,0.0,V,9.5,V,17.0,V,16.1,V,13.5,V,18.9,V,16.5,V,13.5,V,15.3,V,15.7,V,13.5,V,18.2,V,16.4,V,13.5,V,,,,
2016-08-28,15.0,V,24.3,V,7.3,V,9.1,V,1768,V,0,V,0,V,0,E,0,E,0.0,V,0.2,V,9.5,V,0.0,V,0.4,V,9.6,V,0.0,V,0.9,V,10.0,V,0.0,V,0.0,V,9.2,V,17.1,V,16.1,V,13.6,V,19.0,V,16.5,V,13.6,V,15.4,V,15.7,V,13.5,V,18.2,V,16.4,V,13.5,V,,,,
2016-08-29,16.2,V,25.4,V,7.8,V,10.0,V,1768,V,0,V,0,V,0,V,0,E,0.0,V,0.0,V,9.3,V,0.0,V,0.4,V,9.3,V,0.0,V,1.1,V,9.8,V,0.0,V,0.0,V,8.9,V,17.3,V,16.3,V,13.6,V,19.2,V,16.5,V,13.6,V,15.7,V,15.9,V,13.5,V,18.2,V,16.5,V,13.5,V,,,,
2016-08-30,16.4,V,23.3,V,11.5,V,11.9,V,1768,V,0,V,0,V,0,V,0,E,0.0,V,0.8,V,9.5,V,0.0,V,0.4,V,9.0,V,0.0,V,0.8,V,9.5,V,0.0,V,0.0,V,8.5,V,17.9,V,16.5,V,13.7,V,19.8,V,16.9,V,13.7,V,16.4,V,16.2,V,13.6,V,18.6,V,16.6,V,13.6,V,,,,
2016-08-31,15.6,V,22.7,V,9.6,V,13.4,V,1768,V,0,V,0,V,0,V,0,E,0.0,V,0.5,V,8.6,V,0.0,V,0.3,V,8.8,V,0.0,V,0.8,V,9.2,V,0.0,V,0.0,V,8.5,V,18.2,V,16.8,V,13.8,V,19.9,V,17.1,V,13.8,V,16.7,V,16.5,V,13.7,V,18.9,V,17.0,V,13.7,V,,,,
2016-09-01,14.1,V,21.4,V,8.1,V,9.5,V,1768,V,0,E,0,E,0,V,0,E,0.0,V,0.4,V,8.3,V,0.0,V,0.4,V,8.4,V,0.0,V,0.9,V,8.9,V,0.0,V,0.0,V,8.1,V,17.9,V,16.8,V,13.9,V,19.4,V,17.2,V,14.0,V,16.3,V,16.5,V,13.8,V,19.0,V,17.2,V,13.8,V,,,,
2016-09-02,13.3,V,20.3,V,7.7,V,9.6,V,1768,E,0,E,0,E,0,V,0,E,0.0,V,0.4,V,8.5,V,0.0,V,0.4,V,8.2,V,0.0,V,0.9,V,8.6,V,0.0,V,0.0,V,7.7,V,17.5,V,16.7,V,14.0,V,19.2,V,17.1,V,14.0,V,15.9,V,16.3,V,13.9,V,18.5,V,17.0,V,13.9,V,,,,
2016-09-03,11.9,V,19.3,V,6.3,V,9.6,V,1768,E,0,E,0,E,0,E,0,E,0.0,V,0.6,V,8.0,V,0.0,V,0.4,V,7.9,V,0.0,V,0.8,V,8.3,V,0.0,V,0.0,V,7.7,V,17.4,V,16.6,V,14.0,V,19.1,V,16.9,V,14.1,V,15.9,V,16.2,V,14.0,V,18.3,V,16.9,V,14.0,V,,,,
2016-09-04,9.8,V,14.9,V,4.5,V,8.6,V,1768,E,0,E,0,E,0,V,0,E,0.0,V,0.5,V,7.8,V,0.0,V,0.3,V,7.7,V,0.0,V,0.7,V,8.1,V,0.0,V,0.0,V,7.4,V,16.6,V,16.3,V,14.1,V,18.1,V,16.9,V,14.1,V,15.3,V,15.9,V,14.0,V,18.1,V,16.8,V,14.0,V,,,,
2016-09-05,11.4,V,19.7,V,4.7,V,7.3,V,1768,E,0,E,0,E,0,E,0,E,0.0,V,0.7,V,7.3,V,0.0,V,0.3,V,7.5,V,0.0,V,0.8,V,7.9,V,0.0,V,0.0,V,7.1,V,16.2,V,15.7,V,14.0,V,18.5,V,16.1,V,14.1,V,14.3,V,15.2,V,13.9,V,16.7,V,16.1,V,14.0,V,,,,
2016-09-06,12.7,V,20.7,V,5.8,V,8.5,V,1768,E,0,E,0,E,0,E,0,E,0.0,V,0.6,V,7.2,V,0.0,V,0.2,V,7.3,V,0.0,V,0.7,V,7.7,V,0.0,V,0.0,V,7.0,V,16.9,V,15.9,V,13.9,V,19.2,V,16.3,V,13.9,V,14.9,V,15.5,V,13.8,V,17.7,V,16.1,V,13.9,V,,,,
2016-09-07,15.0,V,24.3,V,7.8,V,9.0,V,1768,E,0,E,0,E,0,E,0,E,0.0,V,0.0,V,7.4,V,0.0,V,0.2,V,7.1,V,0.0,V,0.8,V,7.4,V,0.0,V,0.0,V,6.6,V,17.8,V,16.3,V,13.9,V,20.4,V,16.9,V,13.9,V,15.6,V,15.8,V,13.8,V,18.2,V,16.4,V,13.8,V,,,,
2016-09-08,15.1,V,24.1,V,7.5,V,9.3,V,1768,E,0,E,0,E,0,V,0,E,0.0,V,0.0,V,6.7,V,0.0,V,0.2,V,6.9,V,0.0,V,0.8,V,7.3,V,0.0,V,0.0,V,6.5,V,18.5,V,16.8,V,14.0,V,20.7,V,17.3,V,14.0,V,16.3,V,16.4,V,13.9,V,19.4,V,16.9,V,13.9,V,,,,
2016-09-09,17.7,V,26.5,V,12.2,V,13.7,V,1768,E,0,E,0,E,0,V,0,E,0.0,V,0.0,V,6.9,V,0.0,V,0.2,V,6.7,V,0.0,V,0.7,V,7.0,V,0.0,V,0.0,V,6.3,V,19.2,V,17.3,V,14.1,V,21.6,V,17.8,V,14.1,V,17.2,V,16.8,V,14.0,V,19.7,V,17.4,V,14.0,V,,,,
2016-09-10,17.5,V,26.1,V,10.9,V,13.3,V,1768,E,0,E,0,E,0,E,0,E,0.0,V,0.5,V,6.8,V,0.0,V,0.3,V,6.4,V,0.0,V,0.7,V,6.9,V,0.0,V,0.0,V,6.0,V,19.9,V,17.8,V,14.3,V,22.2,V,18.3,V,14.3,V,17.7,V,17.3,V,14.1,V,20.5,V,17.9,V,14.1,V,,,,
2016-09-11,15.4,V,23.1,V,9.4,V,11.5,V,1768,E,0,E,0,E,0,V,0,E,0.0,V,0.0,V,6.2,V,0.0,V,0.3,V,6.3,V,0.0,V,0.9,V,6.6,V,0.0,V,0.0,V,6.0,V,20.0,V,18.1,V,14.5,V,21.8,V,18.4,V,14.5,V,18.0,V,17.6,V,14.3,V,21.0,V,18.4,V,14.3,V,,,,
2016-09-12,12.7,V,17.9,V,8.4,V,12.3,V,1768,E,0,E,0,E,0,V,0,E,0.0,V,0.8,V,5.8,V,0.0,V,0.2,V,6.2,V,0.0,V,0.8,V,6.5,V,0.0,V,0.0,V,5.7,V,19.2,V,17.9,V,14.7,V,20.7,V,18.4,V,14.7,V,17.5,V,17.5,V,14.6,V,20.5,V,18.4,V,14.6,V,,,,
2016-09-13,9.1,V,13.2,V,3.3,V,9.3,V,1768,V,0,E,0,E,0,V,0,E,0.0,V,0.6,V,5.9,V,0.0,V,0.2,V,6.0,V,0.0,V,0.6,V,6.4,V,0.0,V,0.0,V,5.7,V,17.6,V,17.3,V,14.8,V,19.3,V,17.9,V,14.8,V,16.7,V,16.8,V,14.7,V,19.3,V,17.9,V,14.7,V,,,,
2016-09-14,9.1,V,17.8,V,1.9,V,3.3,V,1768,E,0,E,0,E,0,V,0,E,0.0,V,0.2,V,5.7,V,0.0,V,0.2,V,5.8,V,0.0,V,0.6,V,6.3,V,0.0,V,0.0,V,5.6,V,16.4,V,16.1,V,14.7,V,19.1,V,16.8,V,14.8,V,14.1,V,15.6,V,14.6,V,16.8,V,16.8,V,14.8,V,,,,
2016-09-15,12.4,V,20.2,V,6.4,V,7.8,V,1768,V,0,V,0,V,0,E,0,E,0.0,V,0.3,V,5.6,V,0.0,V,0.1,V,5.8,V,0.0,V,0.5,V,6.2,V,0.0,V,0.0,V,5.5,V,17.3,V,16.2,V,14.5,V,19.8,V,16.6,V,14.6,V,15.1,V,15.8,V,14.4,V,17.9,V,16.4,V,14.6,V,,,,
2016-09-16,13.3,V,22.4,V,7.1,V,9.3,V,1768,V,0,V,0,V,0,E,0,E,0.0,V,0.1,V,5.8,V,0.0,V,0.1,V,5.7,V,0.0,V,0.5,V,6.0,V,0.0,V,0.0,V,5.3,V,17.9,V,16.5,V,14.4,V,20.5,V,17.0,V,14.5,V,15.6,V,16.0,V,14.4,V,18.6,V,16.7,V,14.4,V,,,,
2016-09-17,14.5,V,24.0,V,6.9,V,8.2,V,1768,V,0,V,0,V,0,E,0,E,0.0,V,0.2,V,5.4,V,0.0,V,0.1,V,5.6,V,0.0,V,0.6,V,5.9,V,0.0,V,0.0,V,5.3,V,18.4,V,16.8,V,14.4,V,21.0,V,17.3,V,14.5,V,16.0,V,16.3,V,14.4,V,19.2,V,17.0,V,14.4,V,,,,
2016-09-18,15.6,V,24.1,V,8.9,V,10.0,V,1768,V,0,V,0,V,0,V,0,E,0.0,V,0.2,V,5.2,V,0.0,V,0.1,V,5.4,V,0.0,V,0.6,V,5.8,V,0.0,V,0.0,V,5.1,V,19.1,V,17.2,V,14.5,V,21.5,V,17.7,V,14.6,V,16.8,V,16.8,V,14.4,V,19.7,V,17.4,V,14.4,V,,,,
2016-09-19,15.8,V,23.5,V,8.3,V,10.2,V,1768,V,0,V,0,V,0,V,0,E,0.0,V,0.0,V,5.7,V,0.0,V,0.1,V,5.4,V,0.0,V,0.4,V,5.8,V,0.0,V,0.0,V,5.0,V,19.3,V,17.5,V,14.7,V,21.3,V,17.9,V,14.7,V,17.2,V,17.1,V,14.6,V,20.2,V,17.8,V,14.6,V,,,,
2016-09-20,15.2,V,21.6,V,10.5,V,13.6,V,1768,V,0,V,0,V,0,V,0,E,0.0,V,0.0,V,5.3,V,0.0,V,0.1,V,5.1,V,0.0,V,0.4,V,5.6,V,0.0,V,0.0,V,4.8,V,19.3,V,17.6,V,14.8,V,21.3,V,18.0,V,14.8,V,17.3,V,17.2,V,14.7,V,20.0,V,17.9,V,14.7,V,,,,
2016-09-21,11.5,V,16.6,V,4.8,V,11.9,V,1768,V,3,V,3,V,0,V,0,E,0.0,V,0.1,V,4.8,V,0.0,V,0.1,V,5.1,V,0.0,V,0.5,V,5.5,V,0.0,V,0.0,V,4.7,V,18.6,V,17.6,V,14.9,V,19.9,V,18.0,V,15.0,V,17.4,V,17.2,V,14.8,V,19.9,V,18.0,V,14.8,V,,,0.0,E
2016-09-22,3.7,V,8.3,V,0.5,V,4.7,V,1770,V,0,E,0,E,0,E,0,E,0.0,V,0.0,V,5.3,V,0.0,V,0.0,V,5.0,V,0.0,V,0.3,V,5.4,V,0.0,V,0.0,V,4.7,V,15.4,V,16.5,V,15.0,V,18.0,V,17.5,V,15.0,V,14.3,V,15.6,V,14.9,V,18.0,V,17.5,V,14.9,V,,,,
2016-09-23,8.1,V,17.9,V,0.3,V,0.6,V,1770,E,0,E,0,E,0,E,0,E,0.0,V,0.0,V,4.9,V,0.0,V,0.0,V,5.0,V,0.0,V,0.0,V,5.4,V,0.0,V,0.0,V,4.7,V,13.9,V,14.7,V,14.7,V,16.4,V,15.5,V,14.9,V,11.8,V,14.2,V,14.5,V,14.0,V,15.5,V,14.9,V,,,,
2016-09-24,12.8,V,21.5,V,4.8,V,5.7,V,1770,E,0,E,0,E,0,E,0,E,0.0,V,0.0,V,4.5,V,0.0,V,0.0,V,4.9,V,0.0,V,0.3,V,5.3,V,0.0,V,0.0,V,4.5,V,15.6,V,14.8,V,14.3,V,18.3,V,15.4,V,14.5,V,13.4,V,14.4,V,14.2,V,15.6,V,14.8,V,14.5,V,,,,
2016-09-25,16.6,V,24.3,V,11.7,V,13.5,V,1770,V,0,V,0,V,0,E,0,E,0.0,V,0.0,V,4.7,V,0.0,V,0.0,V,4.7,V,0.0,V,0.1,V,5.0,V,0.0,V,0.0,V,4.4,V,17.2,V,15.6,V,14.2,V,19.7,V,16.2,V,14.2,V,15.2,V,15.3,V,14.2,V,17.3,V,15.4,V,14.2,V,,,,
2016-09-26,17.1,V,25.1,V,10.3,V,15.5,V,1770,V,0,V,0,V,0,V,0,E,0.0,V,0.0,V,4.7,V,0.0,V,0.0,V,4.7,V,0.0,V,0.3,V,5.1,V,0.0,V,0.0,V,4.4,V,18.6,V,16.4,V,14.3,V,21.2,V,17.2,V,14.3,V,16.4,V,16.1,V,14.2,V,18.7,V,16.3,V,14.2,V,,,,
2016-09-27,15.9,V,25.1,V,9.0,V,10.3,V,1770,V,0,V,0,V,0,V,0,E,0.0,V,0.0,V,4.9,V,0.0,V,0.0,V,4.6,V,0.0,V,0.3,V,5.1,V,0.0,V,0.0,V,4.3,V,19.1,V,17.1,V,14.4,V,21.5,V,17.6,V,14.5,V,16.8,V,16.7,V,14.3,V,19.9,V,17.3,V,14.3,V,,,,
2016-09-28,15.9,V,24.3,V,9.1,V,11.0,V,1770,V,0,V,0,V,0,V,0,E,0.0,V,0.1,V,4.4,V,0.0,V,0.0,V,4.6,V,0.0,V,0.2,V,4.9,V,0.0,V,0.0,V,4.2,V,19.3,V,17.4,V,14.6,V,21.3,V,17.8,V,14.7,V,17.2,V,17.0,V,14.5,V,20.2,V,17.7,V,14.5,V,,,,
2016-09-29,14.9,V,20.5,V,9.0,V,12.8,V,1770,V,0,V,0,V,0,V,0,E,0.0,V,0.0,V,4.7,V,0.0,V,0.0,V,4.5,V,0.0,V,0.3,V,4.9,V,0.0,V,0.0,V,4.1,V,19.4,V,17.6,V,14.8,V,21.0,V,17.9,V,14.9,V,17.6,V,17.3,V,14.7,V,20.2,V,17.9,V,14.7,V,,,,
2016-09-30,11.5,V,17.7,V,7.4,V,9.0,V,1770,V,0,E,0,E,0,E,0,E,0.0,V,0.0,V,4.2,V,0.0,V,0.0,V,4.4,V,0.0,V,0.3,V,4.8,V,0.0,V,0.0,V,4.0,V,18.3,V,17.4,V,15.0,V,19.8,V,17.9,V,15.0,V,16.6,V,16.9,V,14.9,V,19.6,V,17.9,V,14.9,V,,,,
